Copyright 1986-2022 Xilinx, Inc. All Rights Reserved. Copyright 2022-2023 Advanced Micro Devices, Inc. All Rights Reserved.
------------------------------------------------------------------------------------------------------------------------------------------------------------------------------------------------------------------------------------------
| Tool Version : Vivado v.2023.1 (win64) Build 3865809 Sun May  7 15:05:29 MDT 2023
| Date         : Mon Nov 10 12:38:20 2025
| Host         : ECE221-CAD8 running 64-bit major release  (build 9200)
| Command      : report_timing_summary -max_paths 10 -report_unconstrained -file aes_harness_top_timing_summary_routed.rpt -pb aes_harness_top_timing_summary_routed.pb -rpx aes_harness_top_timing_summary_routed.rpx -warn_on_violation
| Design       : aes_harness_top
| Device       : 7a100t-ftg256
| Speed File   : -2  PRODUCTION 1.23 2018-06-13
| Design State : Routed
------------------------------------------------------------------------------------------------------------------------------------------------------------------------------------------------------------------------------------------

Timing Summary Report

------------------------------------------------------------------------------------------------
| Timer Settings
| --------------
------------------------------------------------------------------------------------------------

  Enable Multi Corner Analysis               :  Yes
  Enable Pessimism Removal                   :  Yes
  Pessimism Removal Resolution               :  Nearest Common Node
  Enable Input Delay Default Clock           :  No
  Enable Preset / Clear Arcs                 :  No
  Disable Flight Delays                      :  No
  Ignore I/O Paths                           :  No
  Timing Early Launch at Borrowing Latches   :  No
  Borrow Time for Max Delay Exceptions       :  Yes
  Merge Timing Exceptions                    :  Yes

  Corner  Analyze    Analyze    
  Name    Max Paths  Min Paths  
  ------  ---------  ---------  
  Slow    Yes        Yes        
  Fast    Yes        Yes        


------------------------------------------------------------------------------------------------
| Report Methodology
| ------------------
------------------------------------------------------------------------------------------------

Rule       Severity  Description                    Violations  
---------  --------  -----------------------------  ----------  
TIMING-18  Warning   Missing input or output delay  10          

Note: This report is based on the most recent report_methodology run and may not be up-to-date. Run report_methodology on the current design for the latest report.



check_timing report

Table of Contents
-----------------
1. checking no_clock (0)
2. checking constant_clock (0)
3. checking pulse_width_clock (0)
4. checking unconstrained_internal_endpoints (0)
5. checking no_input_delay (5)
6. checking no_output_delay (5)
7. checking multiple_clock (0)
8. checking generated_clocks (0)
9. checking loops (0)
10. checking partial_input_delay (0)
11. checking partial_output_delay (0)
12. checking latch_loops (0)

1. checking no_clock (0)
------------------------
 There are 0 register/latch pins with no clock.


2. checking constant_clock (0)
------------------------------
 There are 0 register/latch pins with constant_clock.


3. checking pulse_width_clock (0)
---------------------------------
 There are 0 register/latch pins which need pulse_width check


4. checking unconstrained_internal_endpoints (0)
------------------------------------------------
 There are 0 pins that are not constrained for maximum delay.

 There are 0 pins that are not constrained for maximum delay due to constant clock.


5. checking no_input_delay (5)
------------------------------
 There are 5 input ports with no input delay specified. (HIGH)

 There are 0 input ports with no input delay but user has a false path constraint.


6. checking no_output_delay (5)
-------------------------------
 There are 5 ports with no output delay specified. (HIGH)

 There are 0 ports with no output delay but user has a false path constraint

 There are 0 ports with no output delay but with a timing clock defined on it or propagating through it


7. checking multiple_clock (0)
------------------------------
 There are 0 register/latch pins with multiple clocks.


8. checking generated_clocks (0)
--------------------------------
 There are 0 generated clocks that are not connected to a clock source.


9. checking loops (0)
---------------------
 There are 0 combinational loops in the design.


10. checking partial_input_delay (0)
------------------------------------
 There are 0 input ports with partial input delay specified.


11. checking partial_output_delay (0)
-------------------------------------
 There are 0 ports with partial output delay specified.


12. checking latch_loops (0)
----------------------------
 There are 0 combinational latch loops in the design through latch input



------------------------------------------------------------------------------------------------
| Design Timing Summary
| ---------------------
------------------------------------------------------------------------------------------------

    WNS(ns)      TNS(ns)  TNS Failing Endpoints  TNS Total Endpoints      WHS(ns)      THS(ns)  THS Failing Endpoints  THS Total Endpoints     WPWS(ns)     TPWS(ns)  TPWS Failing Endpoints  TPWS Total Endpoints  
    -------      -------  ---------------------  -------------------      -------      -------  ---------------------  -------------------     --------     --------  ----------------------  --------------------  
      5.034        0.000                      0                 2279        0.033        0.000                      0                 2279        4.146        0.000                       0                  1944  


All user specified timing constraints are met.


------------------------------------------------------------------------------------------------
| Clock Summary
| -------------
------------------------------------------------------------------------------------------------

Clock        Waveform(ns)       Period(ns)      Frequency(MHz)
-----        ------------       ----------      --------------
sys_clk_pin  {0.000 5.000}      10.000          100.000         


------------------------------------------------------------------------------------------------
| Intra Clock Table
| -----------------
------------------------------------------------------------------------------------------------

Clock             WNS(ns)      TNS(ns)  TNS Failing Endpoints  TNS Total Endpoints      WHS(ns)      THS(ns)  THS Failing Endpoints  THS Total Endpoints     WPWS(ns)     TPWS(ns)  TPWS Failing Endpoints  TPWS Total Endpoints  
-----             -------      -------  ---------------------  -------------------      -------      -------  ---------------------  -------------------     --------     --------  ----------------------  --------------------  
sys_clk_pin         5.034        0.000                      0                 2279        0.033        0.000                      0                 2279        4.146        0.000                       0                  1944  


------------------------------------------------------------------------------------------------
| Inter Clock Table
| -----------------
------------------------------------------------------------------------------------------------

From Clock    To Clock          WNS(ns)      TNS(ns)  TNS Failing Endpoints  TNS Total Endpoints      WHS(ns)      THS(ns)  THS Failing Endpoints  THS Total Endpoints  
----------    --------          -------      -------  ---------------------  -------------------      -------      -------  ---------------------  -------------------  


------------------------------------------------------------------------------------------------
| Other Path Groups Table
| -----------------------
------------------------------------------------------------------------------------------------

Path Group    From Clock    To Clock          WNS(ns)      TNS(ns)  TNS Failing Endpoints  TNS Total Endpoints      WHS(ns)      THS(ns)  THS Failing Endpoints  THS Total Endpoints  
----------    ----------    --------          -------      -------  ---------------------  -------------------      -------      -------  ---------------------  -------------------  


------------------------------------------------------------------------------------------------
| User Ignored Path Table
| -----------------------
------------------------------------------------------------------------------------------------

Path Group    From Clock    To Clock    
----------    ----------    --------    


------------------------------------------------------------------------------------------------
| Unconstrained Path Table
| ------------------------
------------------------------------------------------------------------------------------------

Path Group    From Clock    To Clock    
----------    ----------    --------    
(none)        sys_clk_pin                 
(none)                      sys_clk_pin   


------------------------------------------------------------------------------------------------
| Timing Details
| --------------
------------------------------------------------------------------------------------------------


---------------------------------------------------------------------------------------------------
From Clock:  sys_clk_pin
  To Clock:  sys_clk_pin

Setup :            0  Failing Endpoints,  Worst Slack        5.034ns,  Total Violation        0.000ns
Hold  :            0  Failing Endpoints,  Worst Slack        0.033ns,  Total Violation        0.000ns
PW    :            0  Failing Endpoints,  Worst Slack        4.146ns,  Total Violation        0.000ns
---------------------------------------------------------------------------------------------------


Max Delay Paths
--------------------------------------------------------------------------------------
Slack (MET) :             5.034ns  (required time - arrival time)
  Source:                 uut/r3/s3_reg_rep/CLKARDCLK
                            (rising edge-triggered cell RAMB18E1 clocked by sys_clk_pin  {rise@0.000ns fall@5.000ns period=10.000ns})
  Destination:            uut/a4/w3_reg_rep_bsel/ADDRBWRADDR[4]
                            (rising edge-triggered cell RAMB18E1 clocked by sys_clk_pin  {rise@0.000ns fall@5.000ns period=10.000ns})
  Path Group:             sys_clk_pin
  Path Type:              Setup (Max at Slow Process Corner)
  Requirement:            10.000ns  (sys_clk_pin rise@10.000ns - sys_clk_pin rise@0.000ns)
  Data Path Delay:        4.011ns  (logic 2.252ns (56.145%)  route 1.759ns (43.855%))
  Logic Levels:           1  (LUT2=1)
  Clock Path Skew:        -0.248ns (DCD - SCD + CPR)
    Destination Clock Delay (DCD):    4.411ns = ( 14.411 - 10.000 ) 
    Source Clock Delay      (SCD):    4.824ns
    Clock Pessimism Removal (CPR):    0.165ns
  Clock Uncertainty:      0.035ns  ((TSJ^2 + TIJ^2)^1/2 + DJ) / 2 + PE
    Total System Jitter     (TSJ):    0.071ns
    Total Input Jitter      (TIJ):    0.000ns
    Discrete Jitter          (DJ):    0.000ns
    Phase Error              (PE):    0.000ns

    Location             Delay type                Incr(ns)  Path(ns)    Netlist Resource(s)
  -------------------------------------------------------------------    -------------------
                         (clock sys_clk_pin rise edge)
                                                      0.000     0.000 r  
    N11                                               0.000     0.000 r  sysclk (IN)
                         net (fo=0)                   0.000     0.000    sysclk
    N11                  IBUF (Prop_ibuf_I_O)         1.464     1.464 r  sysclk_IBUF_inst/O
                         net (fo=1, routed)           1.709     3.172    sysclk_IBUF
    BUFGCTRL_X0Y0        BUFG (Prop_bufg_I_O)         0.081     3.253 r  sysclk_IBUF_BUFG_inst/O
                         net (fo=1943, routed)        1.571     4.824    uut/r3/sysclk_IBUF_BUFG
    RAMB18_X0Y17         RAMB18E1                                     r  uut/r3/s3_reg_rep/CLKARDCLK
  -------------------------------------------------------------------    -------------------
    RAMB18_X0Y17         RAMB18E1 (Prop_ramb18e1_CLKARDCLK_DOADO[0])
                                                      2.125     6.949 r  uut/r3/s3_reg_rep/DOADO[0]
                         net (fo=1, routed)           0.895     7.844    uut/r3/t0__0[0]
    SLICE_X8Y47          LUT2 (Prop_lut2_I1_O)        0.127     7.971 r  uut/r3/w3_reg_rep_bsel_i_8/O
                         net (fo=1, routed)           0.864     8.835    uut/a4/ADDRBWRADDR[0]
    RAMB18_X0Y22         RAMB18E1                                     r  uut/a4/w3_reg_rep_bsel/ADDRBWRADDR[4]
  -------------------------------------------------------------------    -------------------

                         (clock sys_clk_pin rise edge)
                                                     10.000    10.000 r  
    N11                                               0.000    10.000 r  sysclk (IN)
                         net (fo=0)                   0.000    10.000    sysclk
    N11                  IBUF (Prop_ibuf_I_O)         1.397    11.397 r  sysclk_IBUF_inst/O
                         net (fo=1, routed)           1.620    13.017    sysclk_IBUF
    BUFGCTRL_X0Y0        BUFG (Prop_bufg_I_O)         0.077    13.094 r  sysclk_IBUF_BUFG_inst/O
                         net (fo=1943, routed)        1.316    14.411    uut/a4/sysclk_IBUF_BUFG
    RAMB18_X0Y22         RAMB18E1                                     r  uut/a4/w3_reg_rep_bsel/CLKBWRCLK
                         clock pessimism              0.165    14.576    
                         clock uncertainty           -0.035    14.541    
    RAMB18_X0Y22         RAMB18E1 (Setup_ramb18e1_CLKBWRCLK_ADDRBWRADDR[4])
                                                     -0.671    13.870    uut/a4/w3_reg_rep_bsel
  -------------------------------------------------------------------
                         required time                         13.870    
                         arrival time                          -8.835    
  -------------------------------------------------------------------
                         slack                                  5.034    

Slack (MET) :             5.238ns  (required time - arrival time)
  Source:                 uut/r3/s3_reg_rep/CLKARDCLK
                            (rising edge-triggered cell RAMB18E1 clocked by sys_clk_pin  {rise@0.000ns fall@5.000ns period=10.000ns})
  Destination:            uut/a4/w3_reg_rep_bsel/ADDRBWRADDR[7]
                            (rising edge-triggered cell RAMB18E1 clocked by sys_clk_pin  {rise@0.000ns fall@5.000ns period=10.000ns})
  Path Group:             sys_clk_pin
  Path Type:              Setup (Max at Slow Process Corner)
  Requirement:            10.000ns  (sys_clk_pin rise@10.000ns - sys_clk_pin rise@0.000ns)
  Data Path Delay:        3.988ns  (logic 2.230ns (55.917%)  route 1.758ns (44.083%))
  Logic Levels:           1  (LUT2=1)
  Clock Path Skew:        -0.248ns (DCD - SCD + CPR)
    Destination Clock Delay (DCD):    4.411ns = ( 14.411 - 10.000 ) 
    Source Clock Delay      (SCD):    4.824ns
    Clock Pessimism Removal (CPR):    0.165ns
  Clock Uncertainty:      0.035ns  ((TSJ^2 + TIJ^2)^1/2 + DJ) / 2 + PE
    Total System Jitter     (TSJ):    0.071ns
    Total Input Jitter      (TIJ):    0.000ns
    Discrete Jitter          (DJ):    0.000ns
    Phase Error              (PE):    0.000ns

    Location             Delay type                Incr(ns)  Path(ns)    Netlist Resource(s)
  -------------------------------------------------------------------    -------------------
                         (clock sys_clk_pin rise edge)
                                                      0.000     0.000 r  
    N11                                               0.000     0.000 r  sysclk (IN)
                         net (fo=0)                   0.000     0.000    sysclk
    N11                  IBUF (Prop_ibuf_I_O)         1.464     1.464 r  sysclk_IBUF_inst/O
                         net (fo=1, routed)           1.709     3.172    sysclk_IBUF
    BUFGCTRL_X0Y0        BUFG (Prop_bufg_I_O)         0.081     3.253 r  sysclk_IBUF_BUFG_inst/O
                         net (fo=1943, routed)        1.571     4.824    uut/r3/sysclk_IBUF_BUFG
    RAMB18_X0Y17         RAMB18E1                                     r  uut/r3/s3_reg_rep/CLKARDCLK
  -------------------------------------------------------------------    -------------------
    RAMB18_X0Y17         RAMB18E1 (Prop_ramb18e1_CLKARDCLK_DOADO[3])
                                                      2.125     6.949 r  uut/r3/s3_reg_rep/DOADO[3]
                         net (fo=1, routed)           1.013     7.962    uut/r3/t0__0[3]
    SLICE_X8Y47          LUT2 (Prop_lut2_I1_O)        0.105     8.067 r  uut/r3/w3_reg_rep_bsel_i_5/O
                         net (fo=1, routed)           0.745     8.812    uut/a4/ADDRBWRADDR[3]
    RAMB18_X0Y22         RAMB18E1                                     r  uut/a4/w3_reg_rep_bsel/ADDRBWRADDR[7]
  -------------------------------------------------------------------    -------------------

                         (clock sys_clk_pin rise edge)
                                                     10.000    10.000 r  
    N11                                               0.000    10.000 r  sysclk (IN)
                         net (fo=0)                   0.000    10.000    sysclk
    N11                  IBUF (Prop_ibuf_I_O)         1.397    11.397 r  sysclk_IBUF_inst/O
                         net (fo=1, routed)           1.620    13.017    sysclk_IBUF
    BUFGCTRL_X0Y0        BUFG (Prop_bufg_I_O)         0.077    13.094 r  sysclk_IBUF_BUFG_inst/O
                         net (fo=1943, routed)        1.316    14.411    uut/a4/sysclk_IBUF_BUFG
    RAMB18_X0Y22         RAMB18E1                                     r  uut/a4/w3_reg_rep_bsel/CLKBWRCLK
                         clock pessimism              0.165    14.576    
                         clock uncertainty           -0.035    14.541    
    RAMB18_X0Y22         RAMB18E1 (Setup_ramb18e1_CLKBWRCLK_ADDRBWRADDR[7])
                                                     -0.490    14.051    uut/a4/w3_reg_rep_bsel
  -------------------------------------------------------------------
                         required time                         14.051    
                         arrival time                          -8.812    
  -------------------------------------------------------------------
                         slack                                  5.238    

Slack (MET) :             5.504ns  (required time - arrival time)
  Source:                 uut/a4/w3_reg_rep_bsel/CLKBWRCLK
                            (rising edge-triggered cell RAMB18E1 clocked by sys_clk_pin  {rise@0.000ns fall@5.000ns period=10.000ns})
  Destination:            uut/r5/s1_reg_rep/ADDRARDADDR[6]
                            (rising edge-triggered cell RAMB18E1 clocked by sys_clk_pin  {rise@0.000ns fall@5.000ns period=10.000ns})
  Path Group:             sys_clk_pin
  Path Type:              Setup (Max at Slow Process Corner)
  Requirement:            10.000ns  (sys_clk_pin rise@10.000ns - sys_clk_pin rise@0.000ns)
  Data Path Delay:        3.773ns  (logic 2.252ns (59.687%)  route 1.521ns (40.313%))
  Logic Levels:           1  (LUT2=1)
  Clock Path Skew:        -0.035ns (DCD - SCD + CPR)
    Destination Clock Delay (DCD):    4.403ns = ( 14.403 - 10.000 ) 
    Source Clock Delay      (SCD):    4.679ns
    Clock Pessimism Removal (CPR):    0.241ns
  Clock Uncertainty:      0.035ns  ((TSJ^2 + TIJ^2)^1/2 + DJ) / 2 + PE
    Total System Jitter     (TSJ):    0.071ns
    Total Input Jitter      (TIJ):    0.000ns
    Discrete Jitter          (DJ):    0.000ns
    Phase Error              (PE):    0.000ns

    Location             Delay type                Incr(ns)  Path(ns)    Netlist Resource(s)
  -------------------------------------------------------------------    -------------------
                         (clock sys_clk_pin rise edge)
                                                      0.000     0.000 r  
    N11                                               0.000     0.000 r  sysclk (IN)
                         net (fo=0)                   0.000     0.000    sysclk
    N11                  IBUF (Prop_ibuf_I_O)         1.464     1.464 r  sysclk_IBUF_inst/O
                         net (fo=1, routed)           1.709     3.172    sysclk_IBUF
    BUFGCTRL_X0Y0        BUFG (Prop_bufg_I_O)         0.081     3.253 r  sysclk_IBUF_BUFG_inst/O
                         net (fo=1943, routed)        1.425     4.679    uut/a4/sysclk_IBUF_BUFG
    RAMB18_X0Y22         RAMB18E1                                     r  uut/a4/w3_reg_rep_bsel/CLKBWRCLK
  -------------------------------------------------------------------    -------------------
    RAMB18_X0Y22         RAMB18E1 (Prop_ramb18e1_CLKBWRCLK_DOBDO[2])
                                                      2.125     6.804 r  uut/a4/w3_reg_rep_bsel/DOBDO[2]
                         net (fo=1, routed)           0.761     7.565    uut/r4/DOBDO[2]
    SLICE_X8Y57          LUT2 (Prop_lut2_I1_O)        0.127     7.692 r  uut/r4/s1_reg_rep_i_6/O
                         net (fo=1, routed)           0.760     8.452    uut/r5/state_in[2]
    RAMB18_X0Y26         RAMB18E1                                     r  uut/r5/s1_reg_rep/ADDRARDADDR[6]
  -------------------------------------------------------------------    -------------------

                         (clock sys_clk_pin rise edge)
                                                     10.000    10.000 r  
    N11                                               0.000    10.000 r  sysclk (IN)
                         net (fo=0)                   0.000    10.000    sysclk
    N11                  IBUF (Prop_ibuf_I_O)         1.397    11.397 r  sysclk_IBUF_inst/O
                         net (fo=1, routed)           1.620    13.017    sysclk_IBUF
    BUFGCTRL_X0Y0        BUFG (Prop_bufg_I_O)         0.077    13.094 r  sysclk_IBUF_BUFG_inst/O
                         net (fo=1943, routed)        1.308    14.403    uut/r5/sysclk_IBUF_BUFG
    RAMB18_X0Y26         RAMB18E1                                     r  uut/r5/s1_reg_rep/CLKARDCLK
                         clock pessimism              0.241    14.644    
                         clock uncertainty           -0.035    14.609    
    RAMB18_X0Y26         RAMB18E1 (Setup_ramb18e1_CLKARDCLK_ADDRARDADDR[6])
                                                     -0.653    13.956    uut/r5/s1_reg_rep
  -------------------------------------------------------------------
                         required time                         13.956    
                         arrival time                          -8.452    
  -------------------------------------------------------------------
                         slack                                  5.504    

Slack (MET) :             5.505ns  (required time - arrival time)
  Source:                 uut/r3/s3_reg_rep/CLKARDCLK
                            (rising edge-triggered cell RAMB18E1 clocked by sys_clk_pin  {rise@0.000ns fall@5.000ns period=10.000ns})
  Destination:            uut/a4/w3_reg_rep_bsel/ADDRBWRADDR[9]
                            (rising edge-triggered cell RAMB18E1 clocked by sys_clk_pin  {rise@0.000ns fall@5.000ns period=10.000ns})
  Path Group:             sys_clk_pin
  Path Type:              Setup (Max at Slow Process Corner)
  Requirement:            10.000ns  (sys_clk_pin rise@10.000ns - sys_clk_pin rise@0.000ns)
  Data Path Delay:        3.540ns  (logic 2.233ns (63.073%)  route 1.307ns (36.927%))
  Logic Levels:           1  (LUT2=1)
  Clock Path Skew:        -0.248ns (DCD - SCD + CPR)
    Destination Clock Delay (DCD):    4.411ns = ( 14.411 - 10.000 ) 
    Source Clock Delay      (SCD):    4.824ns
    Clock Pessimism Removal (CPR):    0.165ns
  Clock Uncertainty:      0.035ns  ((TSJ^2 + TIJ^2)^1/2 + DJ) / 2 + PE
    Total System Jitter     (TSJ):    0.071ns
    Total Input Jitter      (TIJ):    0.000ns
    Discrete Jitter          (DJ):    0.000ns
    Phase Error              (PE):    0.000ns

    Location             Delay type                Incr(ns)  Path(ns)    Netlist Resource(s)
  -------------------------------------------------------------------    -------------------
                         (clock sys_clk_pin rise edge)
                                                      0.000     0.000 r  
    N11                                               0.000     0.000 r  sysclk (IN)
                         net (fo=0)                   0.000     0.000    sysclk
    N11                  IBUF (Prop_ibuf_I_O)         1.464     1.464 r  sysclk_IBUF_inst/O
                         net (fo=1, routed)           1.709     3.172    sysclk_IBUF
    BUFGCTRL_X0Y0        BUFG (Prop_bufg_I_O)         0.081     3.253 r  sysclk_IBUF_BUFG_inst/O
                         net (fo=1943, routed)        1.571     4.824    uut/r3/sysclk_IBUF_BUFG
    RAMB18_X0Y17         RAMB18E1                                     r  uut/r3/s3_reg_rep/CLKARDCLK
  -------------------------------------------------------------------    -------------------
    RAMB18_X0Y17         RAMB18E1 (Prop_ramb18e1_CLKARDCLK_DOADO[5])
                                                      2.125     6.949 r  uut/r3/s3_reg_rep/DOADO[5]
                         net (fo=1, routed)           0.674     7.623    uut/r3/t0__0[5]
    SLICE_X8Y49          LUT2 (Prop_lut2_I1_O)        0.108     7.731 r  uut/r3/w3_reg_rep_bsel_i_3/O
                         net (fo=1, routed)           0.633     8.364    uut/a4/ADDRBWRADDR[5]
    RAMB18_X0Y22         RAMB18E1                                     r  uut/a4/w3_reg_rep_bsel/ADDRBWRADDR[9]
  -------------------------------------------------------------------    -------------------

                         (clock sys_clk_pin rise edge)
                                                     10.000    10.000 r  
    N11                                               0.000    10.000 r  sysclk (IN)
                         net (fo=0)                   0.000    10.000    sysclk
    N11                  IBUF (Prop_ibuf_I_O)         1.397    11.397 r  sysclk_IBUF_inst/O
                         net (fo=1, routed)           1.620    13.017    sysclk_IBUF
    BUFGCTRL_X0Y0        BUFG (Prop_bufg_I_O)         0.077    13.094 r  sysclk_IBUF_BUFG_inst/O
                         net (fo=1943, routed)        1.316    14.411    uut/a4/sysclk_IBUF_BUFG
    RAMB18_X0Y22         RAMB18E1                                     r  uut/a4/w3_reg_rep_bsel/CLKBWRCLK
                         clock pessimism              0.165    14.576    
                         clock uncertainty           -0.035    14.541    
    RAMB18_X0Y22         RAMB18E1 (Setup_ramb18e1_CLKBWRCLK_ADDRBWRADDR[9])
                                                     -0.671    13.870    uut/a4/w3_reg_rep_bsel
  -------------------------------------------------------------------
                         required time                         13.870    
                         arrival time                          -8.364    
  -------------------------------------------------------------------
                         slack                                  5.505    

Slack (MET) :             5.514ns  (required time - arrival time)
  Source:                 uut/r3/s3_reg_rep/CLKARDCLK
                            (rising edge-triggered cell RAMB18E1 clocked by sys_clk_pin  {rise@0.000ns fall@5.000ns period=10.000ns})
  Destination:            uut/a4/w3_reg_rep_bsel/ADDRBWRADDR[8]
                            (rising edge-triggered cell RAMB18E1 clocked by sys_clk_pin  {rise@0.000ns fall@5.000ns period=10.000ns})
  Path Group:             sys_clk_pin
  Path Type:              Setup (Max at Slow Process Corner)
  Requirement:            10.000ns  (sys_clk_pin rise@10.000ns - sys_clk_pin rise@0.000ns)
  Data Path Delay:        3.712ns  (logic 2.230ns (60.069%)  route 1.482ns (39.931%))
  Logic Levels:           1  (LUT2=1)
  Clock Path Skew:        -0.248ns (DCD - SCD + CPR)
    Destination Clock Delay (DCD):    4.411ns = ( 14.411 - 10.000 ) 
    Source Clock Delay      (SCD):    4.824ns
    Clock Pessimism Removal (CPR):    0.165ns
  Clock Uncertainty:      0.035ns  ((TSJ^2 + TIJ^2)^1/2 + DJ) / 2 + PE
    Total System Jitter     (TSJ):    0.071ns
    Total Input Jitter      (TIJ):    0.000ns
    Discrete Jitter          (DJ):    0.000ns
    Phase Error              (PE):    0.000ns

    Location             Delay type                Incr(ns)  Path(ns)    Netlist Resource(s)
  -------------------------------------------------------------------    -------------------
                         (clock sys_clk_pin rise edge)
                                                      0.000     0.000 r  
    N11                                               0.000     0.000 r  sysclk (IN)
                         net (fo=0)                   0.000     0.000    sysclk
    N11                  IBUF (Prop_ibuf_I_O)         1.464     1.464 r  sysclk_IBUF_inst/O
                         net (fo=1, routed)           1.709     3.172    sysclk_IBUF
    BUFGCTRL_X0Y0        BUFG (Prop_bufg_I_O)         0.081     3.253 r  sysclk_IBUF_BUFG_inst/O
                         net (fo=1943, routed)        1.571     4.824    uut/r3/sysclk_IBUF_BUFG
    RAMB18_X0Y17         RAMB18E1                                     r  uut/r3/s3_reg_rep/CLKARDCLK
  -------------------------------------------------------------------    -------------------
    RAMB18_X0Y17         RAMB18E1 (Prop_ramb18e1_CLKARDCLK_DOADO[4])
                                                      2.125     6.949 r  uut/r3/s3_reg_rep/DOADO[4]
                         net (fo=1, routed)           0.839     7.788    uut/r3/t0__0[4]
    SLICE_X9Y52          LUT2 (Prop_lut2_I1_O)        0.105     7.893 r  uut/r3/w3_reg_rep_bsel_i_4/O
                         net (fo=1, routed)           0.643     8.536    uut/a4/ADDRBWRADDR[4]
    RAMB18_X0Y22         RAMB18E1                                     r  uut/a4/w3_reg_rep_bsel/ADDRBWRADDR[8]
  -------------------------------------------------------------------    -------------------

                         (clock sys_clk_pin rise edge)
                                                     10.000    10.000 r  
    N11                                               0.000    10.000 r  sysclk (IN)
                         net (fo=0)                   0.000    10.000    sysclk
    N11                  IBUF (Prop_ibuf_I_O)         1.397    11.397 r  sysclk_IBUF_inst/O
                         net (fo=1, routed)           1.620    13.017    sysclk_IBUF
    BUFGCTRL_X0Y0        BUFG (Prop_bufg_I_O)         0.077    13.094 r  sysclk_IBUF_BUFG_inst/O
                         net (fo=1943, routed)        1.316    14.411    uut/a4/sysclk_IBUF_BUFG
    RAMB18_X0Y22         RAMB18E1                                     r  uut/a4/w3_reg_rep_bsel/CLKBWRCLK
                         clock pessimism              0.165    14.576    
                         clock uncertainty           -0.035    14.541    
    RAMB18_X0Y22         RAMB18E1 (Setup_ramb18e1_CLKBWRCLK_ADDRBWRADDR[8])
                                                     -0.490    14.051    uut/a4/w3_reg_rep_bsel
  -------------------------------------------------------------------
                         required time                         14.051    
                         arrival time                          -8.536    
  -------------------------------------------------------------------
                         slack                                  5.514    

Slack (MET) :             5.515ns  (required time - arrival time)
  Source:                 uut/r3/s3_reg_rep/CLKARDCLK
                            (rising edge-triggered cell RAMB18E1 clocked by sys_clk_pin  {rise@0.000ns fall@5.000ns period=10.000ns})
  Destination:            uut/a4/w3_reg_rep_bsel/ADDRBWRADDR[6]
                            (rising edge-triggered cell RAMB18E1 clocked by sys_clk_pin  {rise@0.000ns fall@5.000ns period=10.000ns})
  Path Group:             sys_clk_pin
  Path Type:              Setup (Max at Slow Process Corner)
  Requirement:            10.000ns  (sys_clk_pin rise@10.000ns - sys_clk_pin rise@0.000ns)
  Data Path Delay:        3.712ns  (logic 2.230ns (60.078%)  route 1.482ns (39.922%))
  Logic Levels:           1  (LUT2=1)
  Clock Path Skew:        -0.248ns (DCD - SCD + CPR)
    Destination Clock Delay (DCD):    4.411ns = ( 14.411 - 10.000 ) 
    Source Clock Delay      (SCD):    4.824ns
    Clock Pessimism Removal (CPR):    0.165ns
  Clock Uncertainty:      0.035ns  ((TSJ^2 + TIJ^2)^1/2 + DJ) / 2 + PE
    Total System Jitter     (TSJ):    0.071ns
    Total Input Jitter      (TIJ):    0.000ns
    Discrete Jitter          (DJ):    0.000ns
    Phase Error              (PE):    0.000ns

    Location             Delay type                Incr(ns)  Path(ns)    Netlist Resource(s)
  -------------------------------------------------------------------    -------------------
                         (clock sys_clk_pin rise edge)
                                                      0.000     0.000 r  
    N11                                               0.000     0.000 r  sysclk (IN)
                         net (fo=0)                   0.000     0.000    sysclk
    N11                  IBUF (Prop_ibuf_I_O)         1.464     1.464 r  sysclk_IBUF_inst/O
                         net (fo=1, routed)           1.709     3.172    sysclk_IBUF
    BUFGCTRL_X0Y0        BUFG (Prop_bufg_I_O)         0.081     3.253 r  sysclk_IBUF_BUFG_inst/O
                         net (fo=1943, routed)        1.571     4.824    uut/r3/sysclk_IBUF_BUFG
    RAMB18_X0Y17         RAMB18E1                                     r  uut/r3/s3_reg_rep/CLKARDCLK
  -------------------------------------------------------------------    -------------------
    RAMB18_X0Y17         RAMB18E1 (Prop_ramb18e1_CLKARDCLK_DOADO[2])
                                                      2.125     6.949 r  uut/r3/s3_reg_rep/DOADO[2]
                         net (fo=1, routed)           0.652     7.601    uut/r3/t0__0[2]
    SLICE_X7Y49          LUT2 (Prop_lut2_I1_O)        0.105     7.706 r  uut/r3/w3_reg_rep_bsel_i_6/O
                         net (fo=1, routed)           0.830     8.536    uut/a4/ADDRBWRADDR[2]
    RAMB18_X0Y22         RAMB18E1                                     r  uut/a4/w3_reg_rep_bsel/ADDRBWRADDR[6]
  -------------------------------------------------------------------    -------------------

                         (clock sys_clk_pin rise edge)
                                                     10.000    10.000 r  
    N11                                               0.000    10.000 r  sysclk (IN)
                         net (fo=0)                   0.000    10.000    sysclk
    N11                  IBUF (Prop_ibuf_I_O)         1.397    11.397 r  sysclk_IBUF_inst/O
                         net (fo=1, routed)           1.620    13.017    sysclk_IBUF
    BUFGCTRL_X0Y0        BUFG (Prop_bufg_I_O)         0.077    13.094 r  sysclk_IBUF_BUFG_inst/O
                         net (fo=1943, routed)        1.316    14.411    uut/a4/sysclk_IBUF_BUFG
    RAMB18_X0Y22         RAMB18E1                                     r  uut/a4/w3_reg_rep_bsel/CLKBWRCLK
                         clock pessimism              0.165    14.576    
                         clock uncertainty           -0.035    14.541    
    RAMB18_X0Y22         RAMB18E1 (Setup_ramb18e1_CLKBWRCLK_ADDRBWRADDR[6])
                                                     -0.490    14.051    uut/a4/w3_reg_rep_bsel
  -------------------------------------------------------------------
                         required time                         14.051    
                         arrival time                          -8.536    
  -------------------------------------------------------------------
                         slack                                  5.515    

Slack (MET) :             5.571ns  (required time - arrival time)
  Source:                 uut/a4/w3_reg_rep_bsel/CLKBWRCLK
                            (rising edge-triggered cell RAMB18E1 clocked by sys_clk_pin  {rise@0.000ns fall@5.000ns period=10.000ns})
  Destination:            uut/r5/s1_reg_rep/ADDRARDADDR[10]
                            (rising edge-triggered cell RAMB18E1 clocked by sys_clk_pin  {rise@0.000ns fall@5.000ns period=10.000ns})
  Path Group:             sys_clk_pin
  Path Type:              Setup (Max at Slow Process Corner)
  Requirement:            10.000ns  (sys_clk_pin rise@10.000ns - sys_clk_pin rise@0.000ns)
  Data Path Delay:        3.869ns  (logic 2.230ns (57.641%)  route 1.639ns (42.359%))
  Logic Levels:           1  (LUT2=1)
  Clock Path Skew:        -0.035ns (DCD - SCD + CPR)
    Destination Clock Delay (DCD):    4.403ns = ( 14.403 - 10.000 ) 
    Source Clock Delay      (SCD):    4.679ns
    Clock Pessimism Removal (CPR):    0.241ns
  Clock Uncertainty:      0.035ns  ((TSJ^2 + TIJ^2)^1/2 + DJ) / 2 + PE
    Total System Jitter     (TSJ):    0.071ns
    Total Input Jitter      (TIJ):    0.000ns
    Discrete Jitter          (DJ):    0.000ns
    Phase Error              (PE):    0.000ns

    Location             Delay type                Incr(ns)  Path(ns)    Netlist Resource(s)
  -------------------------------------------------------------------    -------------------
                         (clock sys_clk_pin rise edge)
                                                      0.000     0.000 r  
    N11                                               0.000     0.000 r  sysclk (IN)
                         net (fo=0)                   0.000     0.000    sysclk
    N11                  IBUF (Prop_ibuf_I_O)         1.464     1.464 r  sysclk_IBUF_inst/O
                         net (fo=1, routed)           1.709     3.172    sysclk_IBUF
    BUFGCTRL_X0Y0        BUFG (Prop_bufg_I_O)         0.081     3.253 r  sysclk_IBUF_BUFG_inst/O
                         net (fo=1943, routed)        1.425     4.679    uut/a4/sysclk_IBUF_BUFG
    RAMB18_X0Y22         RAMB18E1                                     r  uut/a4/w3_reg_rep_bsel/CLKBWRCLK
  -------------------------------------------------------------------    -------------------
    RAMB18_X0Y22         RAMB18E1 (Prop_ramb18e1_CLKBWRCLK_DOBDO[6])
                                                      2.125     6.804 r  uut/a4/w3_reg_rep_bsel/DOBDO[6]
                         net (fo=1, routed)           0.707     7.511    uut/r4/DOBDO[6]
    SLICE_X8Y57          LUT2 (Prop_lut2_I1_O)        0.105     7.616 r  uut/r4/s1_reg_rep_i_2/O
                         net (fo=1, routed)           0.932     8.548    uut/r5/state_in[6]
    RAMB18_X0Y26         RAMB18E1                                     r  uut/r5/s1_reg_rep/ADDRARDADDR[10]
  -------------------------------------------------------------------    -------------------

                         (clock sys_clk_pin rise edge)
                                                     10.000    10.000 r  
    N11                                               0.000    10.000 r  sysclk (IN)
                         net (fo=0)                   0.000    10.000    sysclk
    N11                  IBUF (Prop_ibuf_I_O)         1.397    11.397 r  sysclk_IBUF_inst/O
                         net (fo=1, routed)           1.620    13.017    sysclk_IBUF
    BUFGCTRL_X0Y0        BUFG (Prop_bufg_I_O)         0.077    13.094 r  sysclk_IBUF_BUFG_inst/O
                         net (fo=1943, routed)        1.308    14.403    uut/r5/sysclk_IBUF_BUFG
    RAMB18_X0Y26         RAMB18E1                                     r  uut/r5/s1_reg_rep/CLKARDCLK
                         clock pessimism              0.241    14.644    
                         clock uncertainty           -0.035    14.609    
    RAMB18_X0Y26         RAMB18E1 (Setup_ramb18e1_CLKARDCLK_ADDRARDADDR[10])
                                                     -0.490    14.119    uut/r5/s1_reg_rep
  -------------------------------------------------------------------
                         required time                         14.119    
                         arrival time                          -8.548    
  -------------------------------------------------------------------
                         slack                                  5.571    

Slack (MET) :             5.584ns  (required time - arrival time)
  Source:                 uut/r3/s3_reg_rep/CLKARDCLK
                            (rising edge-triggered cell RAMB18E1 clocked by sys_clk_pin  {rise@0.000ns fall@5.000ns period=10.000ns})
  Destination:            uut/a4/w3_reg_rep_bsel/ADDRBWRADDR[11]
                            (rising edge-triggered cell RAMB18E1 clocked by sys_clk_pin  {rise@0.000ns fall@5.000ns period=10.000ns})
  Path Group:             sys_clk_pin
  Path Type:              Setup (Max at Slow Process Corner)
  Requirement:            10.000ns  (sys_clk_pin rise@10.000ns - sys_clk_pin rise@0.000ns)
  Data Path Delay:        3.642ns  (logic 2.230ns (61.229%)  route 1.412ns (38.771%))
  Logic Levels:           1  (LUT2=1)
  Clock Path Skew:        -0.248ns (DCD - SCD + CPR)
    Destination Clock Delay (DCD):    4.411ns = ( 14.411 - 10.000 ) 
    Source Clock Delay      (SCD):    4.824ns
    Clock Pessimism Removal (CPR):    0.165ns
  Clock Uncertainty:      0.035ns  ((TSJ^2 + TIJ^2)^1/2 + DJ) / 2 + PE
    Total System Jitter     (TSJ):    0.071ns
    Total Input Jitter      (TIJ):    0.000ns
    Discrete Jitter          (DJ):    0.000ns
    Phase Error              (PE):    0.000ns

    Location             Delay type                Incr(ns)  Path(ns)    Netlist Resource(s)
  -------------------------------------------------------------------    -------------------
                         (clock sys_clk_pin rise edge)
                                                      0.000     0.000 r  
    N11                                               0.000     0.000 r  sysclk (IN)
                         net (fo=0)                   0.000     0.000    sysclk
    N11                  IBUF (Prop_ibuf_I_O)         1.464     1.464 r  sysclk_IBUF_inst/O
                         net (fo=1, routed)           1.709     3.172    sysclk_IBUF
    BUFGCTRL_X0Y0        BUFG (Prop_bufg_I_O)         0.081     3.253 r  sysclk_IBUF_BUFG_inst/O
                         net (fo=1943, routed)        1.571     4.824    uut/r3/sysclk_IBUF_BUFG
    RAMB18_X0Y17         RAMB18E1                                     r  uut/r3/s3_reg_rep/CLKARDCLK
  -------------------------------------------------------------------    -------------------
    RAMB18_X0Y17         RAMB18E1 (Prop_ramb18e1_CLKARDCLK_DOADO[7])
                                                      2.125     6.949 r  uut/r3/s3_reg_rep/DOADO[7]
                         net (fo=1, routed)           0.664     7.613    uut/r3/t0__0[7]
    SLICE_X7Y51          LUT2 (Prop_lut2_I1_O)        0.105     7.718 r  uut/r3/w3_reg_rep_bsel_i_1/O
                         net (fo=1, routed)           0.748     8.466    uut/a4/ADDRBWRADDR[7]
    RAMB18_X0Y22         RAMB18E1                                     r  uut/a4/w3_reg_rep_bsel/ADDRBWRADDR[11]
  -------------------------------------------------------------------    -------------------

                         (clock sys_clk_pin rise edge)
                                                     10.000    10.000 r  
    N11                                               0.000    10.000 r  sysclk (IN)
                         net (fo=0)                   0.000    10.000    sysclk
    N11                  IBUF (Prop_ibuf_I_O)         1.397    11.397 r  sysclk_IBUF_inst/O
                         net (fo=1, routed)           1.620    13.017    sysclk_IBUF
    BUFGCTRL_X0Y0        BUFG (Prop_bufg_I_O)         0.077    13.094 r  sysclk_IBUF_BUFG_inst/O
                         net (fo=1943, routed)        1.316    14.411    uut/a4/sysclk_IBUF_BUFG
    RAMB18_X0Y22         RAMB18E1                                     r  uut/a4/w3_reg_rep_bsel/CLKBWRCLK
                         clock pessimism              0.165    14.576    
                         clock uncertainty           -0.035    14.541    
    RAMB18_X0Y22         RAMB18E1 (Setup_ramb18e1_CLKBWRCLK_ADDRBWRADDR[11])
                                                     -0.490    14.051    uut/a4/w3_reg_rep_bsel
  -------------------------------------------------------------------
                         required time                         14.051    
                         arrival time                          -8.466    
  -------------------------------------------------------------------
                         slack                                  5.584    

Slack (MET) :             5.598ns  (required time - arrival time)
  Source:                 uut/r9/s1_reg_rep/CLKARDCLK
                            (rising edge-triggered cell RAMB18E1 clocked by sys_clk_pin  {rise@0.000ns fall@5.000ns period=10.000ns})
  Destination:            uut/r9/s1_reg_rep/ADDRBWRADDR[7]
                            (rising edge-triggered cell RAMB18E1 clocked by sys_clk_pin  {rise@0.000ns fall@5.000ns period=10.000ns})
  Path Group:             sys_clk_pin
  Path Type:              Setup (Max at Slow Process Corner)
  Requirement:            10.000ns  (sys_clk_pin rise@10.000ns - sys_clk_pin rise@0.000ns)
  Data Path Delay:        3.680ns  (logic 2.253ns (61.224%)  route 1.427ns (38.776%))
  Logic Levels:           1  (LUT2=1)
  Clock Path Skew:        -0.034ns (DCD - SCD + CPR)
    Destination Clock Delay (DCD):    4.390ns = ( 14.390 - 10.000 ) 
    Source Clock Delay      (SCD):    4.665ns
    Clock Pessimism Removal (CPR):    0.241ns
  Clock Uncertainty:      0.035ns  ((TSJ^2 + TIJ^2)^1/2 + DJ) / 2 + PE
    Total System Jitter     (TSJ):    0.071ns
    Total Input Jitter      (TIJ):    0.000ns
    Discrete Jitter          (DJ):    0.000ns
    Phase Error              (PE):    0.000ns

    Location             Delay type                Incr(ns)  Path(ns)    Netlist Resource(s)
  -------------------------------------------------------------------    -------------------
                         (clock sys_clk_pin rise edge)
                                                      0.000     0.000 r  
    N11                                               0.000     0.000 r  sysclk (IN)
                         net (fo=0)                   0.000     0.000    sysclk
    N11                  IBUF (Prop_ibuf_I_O)         1.464     1.464 r  sysclk_IBUF_inst/O
                         net (fo=1, routed)           1.709     3.172    sysclk_IBUF
    BUFGCTRL_X0Y0        BUFG (Prop_bufg_I_O)         0.081     3.253 r  sysclk_IBUF_BUFG_inst/O
                         net (fo=1943, routed)        1.411     4.665    uut/r9/sysclk_IBUF_BUFG
    RAMB18_X0Y31         RAMB18E1                                     r  uut/r9/s1_reg_rep/CLKARDCLK
  -------------------------------------------------------------------    -------------------
    RAMB18_X0Y31         RAMB18E1 (Prop_ramb18e1_CLKARDCLK_DOADO[3])
                                                      2.125     6.790 r  uut/r9/s1_reg_rep/DOADO[3]
                         net (fo=1, routed)           0.841     7.631    uut/r9/t2[3]
    SLICE_X7Y75          LUT2 (Prop_lut2_I1_O)        0.128     7.759 r  uut/r9/s1_reg_rep_i_13/O
                         net (fo=1, routed)           0.586     8.345    uut/r9/s9[35]
    RAMB18_X0Y31         RAMB18E1                                     r  uut/r9/s1_reg_rep/ADDRBWRADDR[7]
  -------------------------------------------------------------------    -------------------

                         (clock sys_clk_pin rise edge)
                                                     10.000    10.000 r  
    N11                                               0.000    10.000 r  sysclk (IN)
                         net (fo=0)                   0.000    10.000    sysclk
    N11                  IBUF (Prop_ibuf_I_O)         1.397    11.397 r  sysclk_IBUF_inst/O
                         net (fo=1, routed)           1.620    13.017    sysclk_IBUF
    BUFGCTRL_X0Y0        BUFG (Prop_bufg_I_O)         0.077    13.094 r  sysclk_IBUF_BUFG_inst/O
                         net (fo=1943, routed)        1.296    14.390    uut/r9/sysclk_IBUF_BUFG
    RAMB18_X0Y31         RAMB18E1                                     r  uut/r9/s1_reg_rep/CLKBWRCLK
                         clock pessimism              0.241    14.631    
                         clock uncertainty           -0.035    14.596    
    RAMB18_X0Y31         RAMB18E1 (Setup_ramb18e1_CLKBWRCLK_ADDRBWRADDR[7])
                                                     -0.653    13.943    uut/r9/s1_reg_rep
  -------------------------------------------------------------------
                         required time                         13.943    
                         arrival time                          -8.345    
  -------------------------------------------------------------------
                         slack                                  5.598    

Slack (MET) :             5.603ns  (required time - arrival time)
  Source:                 uut/r1/s1_reg_rep/CLKARDCLK
                            (rising edge-triggered cell RAMB18E1 clocked by sys_clk_pin  {rise@0.000ns fall@5.000ns period=10.000ns})
  Destination:            uut/a2/w3_reg_rep_bsel/ADDRBWRADDR[4]
                            (rising edge-triggered cell RAMB18E1 clocked by sys_clk_pin  {rise@0.000ns fall@5.000ns period=10.000ns})
  Path Group:             sys_clk_pin
  Path Type:              Setup (Max at Slow Process Corner)
  Requirement:            10.000ns  (sys_clk_pin rise@10.000ns - sys_clk_pin rise@0.000ns)
  Data Path Delay:        3.685ns  (logic 2.244ns (60.902%)  route 1.441ns (39.098%))
  Logic Levels:           1  (LUT2=1)
  Clock Path Skew:        -0.025ns (DCD - SCD + CPR)
    Destination Clock Delay (DCD):    4.547ns = ( 14.547 - 10.000 ) 
    Source Clock Delay      (SCD):    4.821ns
    Clock Pessimism Removal (CPR):    0.249ns
  Clock Uncertainty:      0.035ns  ((TSJ^2 + TIJ^2)^1/2 + DJ) / 2 + PE
    Total System Jitter     (TSJ):    0.071ns
    Total Input Jitter      (TIJ):    0.000ns
    Discrete Jitter          (DJ):    0.000ns
    Phase Error              (PE):    0.000ns

    Location             Delay type                Incr(ns)  Path(ns)    Netlist Resource(s)
  -------------------------------------------------------------------    -------------------
                         (clock sys_clk_pin rise edge)
                                                      0.000     0.000 r  
    N11                                               0.000     0.000 r  sysclk (IN)
                         net (fo=0)                   0.000     0.000    sysclk
    N11                  IBUF (Prop_ibuf_I_O)         1.464     1.464 r  sysclk_IBUF_inst/O
                         net (fo=1, routed)           1.709     3.172    sysclk_IBUF
    BUFGCTRL_X0Y0        BUFG (Prop_bufg_I_O)         0.081     3.253 r  sysclk_IBUF_BUFG_inst/O
                         net (fo=1943, routed)        1.568     4.821    uut/r1/sysclk_IBUF_BUFG
    RAMB18_X0Y15         RAMB18E1                                     r  uut/r1/s1_reg_rep/CLKARDCLK
  -------------------------------------------------------------------    -------------------
    RAMB18_X0Y15         RAMB18E1 (Prop_ramb18e1_CLKARDCLK_DOADO[0])
                                                      2.125     6.946 r  uut/r1/s1_reg_rep/DOADO[0]
                         net (fo=1, routed)           0.961     7.908    uut/r1/t2[0]
    SLICE_X9Y40          LUT2 (Prop_lut2_I1_O)        0.119     8.027 r  uut/r1/w3_reg_rep_bsel_i_4/O
                         net (fo=1, routed)           0.479     8.506    uut/a2/ADDRBWRADDR[0]
    RAMB18_X0Y16         RAMB18E1                                     r  uut/a2/w3_reg_rep_bsel/ADDRBWRADDR[4]
  -------------------------------------------------------------------    -------------------

                         (clock sys_clk_pin rise edge)
                                                     10.000    10.000 r  
    N11                                               0.000    10.000 r  sysclk (IN)
                         net (fo=0)                   0.000    10.000    sysclk
    N11                  IBUF (Prop_ibuf_I_O)         1.397    11.397 r  sysclk_IBUF_inst/O
                         net (fo=1, routed)           1.620    13.017    sysclk_IBUF
    BUFGCTRL_X0Y0        BUFG (Prop_bufg_I_O)         0.077    13.094 r  sysclk_IBUF_BUFG_inst/O
                         net (fo=1943, routed)        1.453    14.547    uut/a2/sysclk_IBUF_BUFG
    RAMB18_X0Y16         RAMB18E1                                     r  uut/a2/w3_reg_rep_bsel/CLKBWRCLK
                         clock pessimism              0.249    14.796    
                         clock uncertainty           -0.035    14.761    
    RAMB18_X0Y16         RAMB18E1 (Setup_ramb18e1_CLKBWRCLK_ADDRBWRADDR[4])
                                                     -0.652    14.109    uut/a2/w3_reg_rep_bsel
  -------------------------------------------------------------------
                         required time                         14.109    
                         arrival time                          -8.506    
  -------------------------------------------------------------------
                         slack                                  5.603    





Min Delay Paths
--------------------------------------------------------------------------------------
Slack (MET) :             0.033ns  (arrival time - required time)
  Source:                 uut/a2/w1_reg[17]/C
                            (rising edge-triggered cell FDRE clocked by sys_clk_pin  {rise@0.000ns fall@5.000ns period=10.000ns})
  Destination:            uut/a2/w5_reg[17]/D
                            (rising edge-triggered cell FDRE clocked by sys_clk_pin  {rise@0.000ns fall@5.000ns period=10.000ns})
  Path Group:             sys_clk_pin
  Path Type:              Hold (Min at Fast Process Corner)
  Requirement:            0.000ns  (sys_clk_pin rise@0.000ns - sys_clk_pin rise@0.000ns)
  Data Path Delay:        0.326ns  (logic 0.186ns (57.079%)  route 0.140ns (42.921%))
  Logic Levels:           1  (LUT2=1)
  Clock Path Skew:        0.201ns (DCD - SCD - CPR)
    Destination Clock Delay (DCD):    2.088ns
    Source Clock Delay      (SCD):    1.635ns
    Clock Pessimism Removal (CPR):    0.251ns

    Location             Delay type                Incr(ns)  Path(ns)    Netlist Resource(s)
  -------------------------------------------------------------------    -------------------
                         (clock sys_clk_pin rise edge)
                                                      0.000     0.000 r  
    N11                                               0.000     0.000 r  sysclk (IN)
                         net (fo=0)                   0.000     0.000    sysclk
    N11                  IBUF (Prop_ibuf_I_O)         0.300     0.300 r  sysclk_IBUF_inst/O
                         net (fo=1, routed)           0.640     0.940    sysclk_IBUF
    BUFGCTRL_X0Y0        BUFG (Prop_bufg_I_O)         0.026     0.966 r  sysclk_IBUF_BUFG_inst/O
                         net (fo=1943, routed)        0.669     1.635    uut/a2/sysclk_IBUF_BUFG
    SLICE_X3Y49          FDRE                                         r  uut/a2/w1_reg[17]/C
  -------------------------------------------------------------------    -------------------
    SLICE_X3Y49          FDRE (Prop_fdre_C_Q)         0.141     1.776 r  uut/a2/w1_reg[17]/Q
                         net (fo=1, routed)           0.140     1.916    uut/a2/k1b[81]
    SLICE_X3Y50          LUT2 (Prop_lut2_I1_O)        0.045     1.961 r  uut/a2/w5[17]_i_1/O
                         net (fo=1, routed)           0.000     1.961    uut/a2/w50[17]
    SLICE_X3Y50          FDRE                                         r  uut/a2/w5_reg[17]/D
  -------------------------------------------------------------------    -------------------

                         (clock sys_clk_pin rise edge)
                                                      0.000     0.000 r  
    N11                                               0.000     0.000 r  sysclk (IN)
                         net (fo=0)                   0.000     0.000    sysclk
    N11                  IBUF (Prop_ibuf_I_O)         0.488     0.488 r  sysclk_IBUF_inst/O
                         net (fo=1, routed)           0.695     1.183    sysclk_IBUF
    BUFGCTRL_X0Y0        BUFG (Prop_bufg_I_O)         0.029     1.212 r  sysclk_IBUF_BUFG_inst/O
                         net (fo=1943, routed)        0.876     2.088    uut/a2/sysclk_IBUF_BUFG
    SLICE_X3Y50          FDRE                                         r  uut/a2/w5_reg[17]/C
                         clock pessimism             -0.251     1.837    
    SLICE_X3Y50          FDRE (Hold_fdre_C_D)         0.091     1.928    uut/a2/w5_reg[17]
  -------------------------------------------------------------------
                         required time                         -1.928    
                         arrival time                           1.961    
  -------------------------------------------------------------------
                         slack                                  0.033    

Slack (MET) :             0.048ns  (arrival time - required time)
  Source:                 uut/a1/w5_reg[31]/C
                            (rising edge-triggered cell FDRE clocked by sys_clk_pin  {rise@0.000ns fall@5.000ns period=10.000ns})
  Destination:            uut/a2/w1_reg[31]/D
                            (rising edge-triggered cell FDRE clocked by sys_clk_pin  {rise@0.000ns fall@5.000ns period=10.000ns})
  Path Group:             sys_clk_pin
  Path Type:              Hold (Min at Fast Process Corner)
  Requirement:            0.000ns  (sys_clk_pin rise@0.000ns - sys_clk_pin rise@0.000ns)
  Data Path Delay:        0.307ns  (logic 0.141ns (45.938%)  route 0.166ns (54.062%))
  Logic Levels:           0  
  Clock Path Skew:        0.199ns (DCD - SCD - CPR)
    Destination Clock Delay (DCD):    2.057ns
    Source Clock Delay      (SCD):    1.606ns
    Clock Pessimism Removal (CPR):    0.251ns

    Location             Delay type                Incr(ns)  Path(ns)    Netlist Resource(s)
  -------------------------------------------------------------------    -------------------
                         (clock sys_clk_pin rise edge)
                                                      0.000     0.000 r  
    N11                                               0.000     0.000 r  sysclk (IN)
                         net (fo=0)                   0.000     0.000    sysclk
    N11                  IBUF (Prop_ibuf_I_O)         0.300     0.300 r  sysclk_IBUF_inst/O
                         net (fo=1, routed)           0.640     0.940    sysclk_IBUF
    BUFGCTRL_X0Y0        BUFG (Prop_bufg_I_O)         0.026     0.966 r  sysclk_IBUF_BUFG_inst/O
                         net (fo=1943, routed)        0.640     1.606    uut/a1/sysclk_IBUF_BUFG
    SLICE_X13Y49         FDRE                                         r  uut/a1/w5_reg[31]/C
  -------------------------------------------------------------------    -------------------
    SLICE_X13Y49         FDRE (Prop_fdre_C_Q)         0.141     1.747 r  uut/a1/w5_reg[31]/Q
                         net (fo=3, routed)           0.166     1.913    uut/a2/state_reg[1][80]
    SLICE_X12Y50         FDRE                                         r  uut/a2/w1_reg[31]/D
  -------------------------------------------------------------------    -------------------

                         (clock sys_clk_pin rise edge)
                                                      0.000     0.000 r  
    N11                                               0.000     0.000 r  sysclk (IN)
                         net (fo=0)                   0.000     0.000    sysclk
    N11                  IBUF (Prop_ibuf_I_O)         0.488     0.488 r  sysclk_IBUF_inst/O
                         net (fo=1, routed)           0.695     1.183    sysclk_IBUF
    BUFGCTRL_X0Y0        BUFG (Prop_bufg_I_O)         0.029     1.212 r  sysclk_IBUF_BUFG_inst/O
                         net (fo=1943, routed)        0.845     2.057    uut/a2/sysclk_IBUF_BUFG
    SLICE_X12Y50         FDRE                                         r  uut/a2/w1_reg[31]/C
                         clock pessimism             -0.251     1.806    
    SLICE_X12Y50         FDRE (Hold_fdre_C_D)         0.060     1.866    uut/a2/w1_reg[31]
  -------------------------------------------------------------------
                         required time                         -1.866    
                         arrival time                           1.913    
  -------------------------------------------------------------------
                         slack                                  0.048    

Slack (MET) :             0.058ns  (arrival time - required time)
  Source:                 uut/a2/w7_reg[5]/C
                            (rising edge-triggered cell FDRE clocked by sys_clk_pin  {rise@0.000ns fall@5.000ns period=10.000ns})
  Destination:            uut/a3/w3_reg_rep_bsel/ADDRBWRADDR[9]
                            (rising edge-triggered cell RAMB18E1 clocked by sys_clk_pin  {rise@0.000ns fall@5.000ns period=10.000ns})
  Path Group:             sys_clk_pin
  Path Type:              Hold (Min at Fast Process Corner)
  Requirement:            0.000ns  (sys_clk_pin rise@0.000ns - sys_clk_pin rise@0.000ns)
  Data Path Delay:        0.296ns  (logic 0.141ns (47.637%)  route 0.155ns (52.363%))
  Logic Levels:           0  
  Clock Path Skew:        0.055ns (DCD - SCD - CPR)
    Destination Clock Delay (DCD):    2.164ns
    Source Clock Delay      (SCD):    1.605ns
    Clock Pessimism Removal (CPR):    0.504ns

    Location             Delay type                Incr(ns)  Path(ns)    Netlist Resource(s)
  -------------------------------------------------------------------    -------------------
                         (clock sys_clk_pin rise edge)
                                                      0.000     0.000 r  
    N11                                               0.000     0.000 r  sysclk (IN)
                         net (fo=0)                   0.000     0.000    sysclk
    N11                  IBUF (Prop_ibuf_I_O)         0.300     0.300 r  sysclk_IBUF_inst/O
                         net (fo=1, routed)           0.640     0.940    sysclk_IBUF
    BUFGCTRL_X0Y0        BUFG (Prop_bufg_I_O)         0.026     0.966 r  sysclk_IBUF_BUFG_inst/O
                         net (fo=1943, routed)        0.639     1.605    uut/a2/sysclk_IBUF_BUFG
    SLICE_X9Y46          FDRE                                         r  uut/a2/w7_reg[5]/C
  -------------------------------------------------------------------    -------------------
    SLICE_X9Y46          FDRE (Prop_fdre_C_Q)         0.141     1.746 r  uut/a2/w7_reg[5]/Q
                         net (fo=2, routed)           0.155     1.901    uut/a3/in[5]
    RAMB18_X0Y19         RAMB18E1                                     r  uut/a3/w3_reg_rep_bsel/ADDRBWRADDR[9]
  -------------------------------------------------------------------    -------------------

                         (clock sys_clk_pin rise edge)
                                                      0.000     0.000 r  
    N11                                               0.000     0.000 r  sysclk (IN)
                         net (fo=0)                   0.000     0.000    sysclk
    N11                  IBUF (Prop_ibuf_I_O)         0.488     0.488 r  sysclk_IBUF_inst/O
                         net (fo=1, routed)           0.695     1.183    sysclk_IBUF
    BUFGCTRL_X0Y0        BUFG (Prop_bufg_I_O)         0.029     1.212 r  sysclk_IBUF_BUFG_inst/O
                         net (fo=1943, routed)        0.952     2.164    uut/a3/sysclk_IBUF_BUFG
    RAMB18_X0Y19         RAMB18E1                                     r  uut/a3/w3_reg_rep_bsel/CLKBWRCLK
                         clock pessimism             -0.504     1.660    
    RAMB18_X0Y19         RAMB18E1 (Hold_ramb18e1_CLKBWRCLK_ADDRBWRADDR[9])
                                                      0.183     1.843    uut/a3/w3_reg_rep_bsel
  -------------------------------------------------------------------
                         required time                         -1.843    
                         arrival time                           1.901    
  -------------------------------------------------------------------
                         slack                                  0.058    

Slack (MET) :             0.064ns  (arrival time - required time)
  Source:                 uut/a3/w7_reg[6]/C
                            (rising edge-triggered cell FDRE clocked by sys_clk_pin  {rise@0.000ns fall@5.000ns period=10.000ns})
  Destination:            uut/a4/w3_reg_rep/ADDRARDADDR[10]
                            (rising edge-triggered cell RAMB18E1 clocked by sys_clk_pin  {rise@0.000ns fall@5.000ns period=10.000ns})
  Path Group:             sys_clk_pin
  Path Type:              Hold (Min at Fast Process Corner)
  Requirement:            0.000ns  (sys_clk_pin rise@0.000ns - sys_clk_pin rise@0.000ns)
  Data Path Delay:        0.300ns  (logic 0.141ns (46.960%)  route 0.159ns (53.040%))
  Logic Levels:           0  
  Clock Path Skew:        0.054ns (DCD - SCD - CPR)
    Destination Clock Delay (DCD):    2.094ns
    Source Clock Delay      (SCD):    1.540ns
    Clock Pessimism Removal (CPR):    0.501ns

    Location             Delay type                Incr(ns)  Path(ns)    Netlist Resource(s)
  -------------------------------------------------------------------    -------------------
                         (clock sys_clk_pin rise edge)
                                                      0.000     0.000 r  
    N11                                               0.000     0.000 r  sysclk (IN)
                         net (fo=0)                   0.000     0.000    sysclk
    N11                  IBUF (Prop_ibuf_I_O)         0.300     0.300 r  sysclk_IBUF_inst/O
                         net (fo=1, routed)           0.640     0.940    sysclk_IBUF
    BUFGCTRL_X0Y0        BUFG (Prop_bufg_I_O)         0.026     0.966 r  sysclk_IBUF_BUFG_inst/O
                         net (fo=1943, routed)        0.574     1.540    uut/a3/sysclk_IBUF_BUFG
    SLICE_X9Y51          FDRE                                         r  uut/a3/w7_reg[6]/C
  -------------------------------------------------------------------    -------------------
    SLICE_X9Y51          FDRE (Prop_fdre_C_Q)         0.141     1.681 r  uut/a3/w7_reg[6]/Q
                         net (fo=2, routed)           0.159     1.840    uut/a4/out_2[6]
    RAMB18_X0Y21         RAMB18E1                                     r  uut/a4/w3_reg_rep/ADDRARDADDR[10]
  -------------------------------------------------------------------    -------------------

                         (clock sys_clk_pin rise edge)
                                                      0.000     0.000 r  
    N11                                               0.000     0.000 r  sysclk (IN)
                         net (fo=0)                   0.000     0.000    sysclk
    N11                  IBUF (Prop_ibuf_I_O)         0.488     0.488 r  sysclk_IBUF_inst/O
                         net (fo=1, routed)           0.695     1.183    sysclk_IBUF
    BUFGCTRL_X0Y0        BUFG (Prop_bufg_I_O)         0.029     1.212 r  sysclk_IBUF_BUFG_inst/O
                         net (fo=1943, routed)        0.882     2.094    uut/a4/sysclk_IBUF_BUFG
    RAMB18_X0Y21         RAMB18E1                                     r  uut/a4/w3_reg_rep/CLKARDCLK
                         clock pessimism             -0.501     1.593    
    RAMB18_X0Y21         RAMB18E1 (Hold_ramb18e1_CLKARDCLK_ADDRARDADDR[10])
                                                      0.183     1.776    uut/a4/w3_reg_rep
  -------------------------------------------------------------------
                         required time                         -1.776    
                         arrival time                           1.840    
  -------------------------------------------------------------------
                         slack                                  0.064    

Slack (MET) :             0.079ns  (arrival time - required time)
  Source:                 uut/a2/w5_reg[12]/C
                            (rising edge-triggered cell FDRE clocked by sys_clk_pin  {rise@0.000ns fall@5.000ns period=10.000ns})
  Destination:            uut/a3/w1_reg[12]/D
                            (rising edge-triggered cell FDRE clocked by sys_clk_pin  {rise@0.000ns fall@5.000ns period=10.000ns})
  Path Group:             sys_clk_pin
  Path Type:              Hold (Min at Fast Process Corner)
  Requirement:            0.000ns  (sys_clk_pin rise@0.000ns - sys_clk_pin rise@0.000ns)
  Data Path Delay:        0.348ns  (logic 0.164ns (47.106%)  route 0.184ns (52.894%))
  Logic Levels:           0  
  Clock Path Skew:        0.198ns (DCD - SCD - CPR)
    Destination Clock Delay (DCD):    2.085ns
    Source Clock Delay      (SCD):    1.635ns
    Clock Pessimism Removal (CPR):    0.251ns

    Location             Delay type                Incr(ns)  Path(ns)    Netlist Resource(s)
  -------------------------------------------------------------------    -------------------
                         (clock sys_clk_pin rise edge)
                                                      0.000     0.000 r  
    N11                                               0.000     0.000 r  sysclk (IN)
                         net (fo=0)                   0.000     0.000    sysclk
    N11                  IBUF (Prop_ibuf_I_O)         0.300     0.300 r  sysclk_IBUF_inst/O
                         net (fo=1, routed)           0.640     0.940    sysclk_IBUF
    BUFGCTRL_X0Y0        BUFG (Prop_bufg_I_O)         0.026     0.966 r  sysclk_IBUF_BUFG_inst/O
                         net (fo=1943, routed)        0.669     1.635    uut/a2/sysclk_IBUF_BUFG
    SLICE_X2Y47          FDRE                                         r  uut/a2/w5_reg[12]/C
  -------------------------------------------------------------------    -------------------
    SLICE_X2Y47          FDRE (Prop_fdre_C_Q)         0.164     1.799 r  uut/a2/w5_reg[12]/Q
                         net (fo=2, routed)           0.184     1.983    uut/a3/in[76]
    SLICE_X4Y52          FDRE                                         r  uut/a3/w1_reg[12]/D
  -------------------------------------------------------------------    -------------------

                         (clock sys_clk_pin rise edge)
                                                      0.000     0.000 r  
    N11                                               0.000     0.000 r  sysclk (IN)
                         net (fo=0)                   0.000     0.000    sysclk
    N11                  IBUF (Prop_ibuf_I_O)         0.488     0.488 r  sysclk_IBUF_inst/O
                         net (fo=1, routed)           0.695     1.183    sysclk_IBUF
    BUFGCTRL_X0Y0        BUFG (Prop_bufg_I_O)         0.029     1.212 r  sysclk_IBUF_BUFG_inst/O
                         net (fo=1943, routed)        0.873     2.085    uut/a3/sysclk_IBUF_BUFG
    SLICE_X4Y52          FDRE                                         r  uut/a3/w1_reg[12]/C
                         clock pessimism             -0.251     1.834    
    SLICE_X4Y52          FDRE (Hold_fdre_C_D)         0.071     1.905    uut/a3/w1_reg[12]
  -------------------------------------------------------------------
                         required time                         -1.905    
                         arrival time                           1.983    
  -------------------------------------------------------------------
                         slack                                  0.079    

Slack (MET) :             0.082ns  (arrival time - required time)
  Source:                 uut/a5/w7_reg[1]/C
                            (rising edge-triggered cell FDRE clocked by sys_clk_pin  {rise@0.000ns fall@5.000ns period=10.000ns})
  Destination:            uut/a6/w3_reg_rep/ADDRARDADDR[5]
                            (rising edge-triggered cell RAMB18E1 clocked by sys_clk_pin  {rise@0.000ns fall@5.000ns period=10.000ns})
  Path Group:             sys_clk_pin
  Path Type:              Hold (Min at Fast Process Corner)
  Requirement:            0.000ns  (sys_clk_pin rise@0.000ns - sys_clk_pin rise@0.000ns)
  Data Path Delay:        0.319ns  (logic 0.164ns (51.443%)  route 0.155ns (48.557%))
  Logic Levels:           0  
  Clock Path Skew:        0.054ns (DCD - SCD - CPR)
    Destination Clock Delay (DCD):    2.089ns
    Source Clock Delay      (SCD):    1.535ns
    Clock Pessimism Removal (CPR):    0.501ns

    Location             Delay type                Incr(ns)  Path(ns)    Netlist Resource(s)
  -------------------------------------------------------------------    -------------------
                         (clock sys_clk_pin rise edge)
                                                      0.000     0.000 r  
    N11                                               0.000     0.000 r  sysclk (IN)
                         net (fo=0)                   0.000     0.000    sysclk
    N11                  IBUF (Prop_ibuf_I_O)         0.300     0.300 r  sysclk_IBUF_inst/O
                         net (fo=1, routed)           0.640     0.940    sysclk_IBUF
    BUFGCTRL_X0Y0        BUFG (Prop_bufg_I_O)         0.026     0.966 r  sysclk_IBUF_BUFG_inst/O
                         net (fo=1943, routed)        0.569     1.535    uut/a5/sysclk_IBUF_BUFG
    SLICE_X8Y63          FDRE                                         r  uut/a5/w7_reg[1]/C
  -------------------------------------------------------------------    -------------------
    SLICE_X8Y63          FDRE (Prop_fdre_C_Q)         0.164     1.699 r  uut/a5/w7_reg[1]/Q
                         net (fo=2, routed)           0.155     1.853    uut/a6/out_2[1]
    RAMB18_X0Y25         RAMB18E1                                     r  uut/a6/w3_reg_rep/ADDRARDADDR[5]
  -------------------------------------------------------------------    -------------------

                         (clock sys_clk_pin rise edge)
                                                      0.000     0.000 r  
    N11                                               0.000     0.000 r  sysclk (IN)
                         net (fo=0)                   0.000     0.000    sysclk
    N11                  IBUF (Prop_ibuf_I_O)         0.488     0.488 r  sysclk_IBUF_inst/O
                         net (fo=1, routed)           0.695     1.183    sysclk_IBUF
    BUFGCTRL_X0Y0        BUFG (Prop_bufg_I_O)         0.029     1.212 r  sysclk_IBUF_BUFG_inst/O
                         net (fo=1943, routed)        0.877     2.089    uut/a6/sysclk_IBUF_BUFG
    RAMB18_X0Y25         RAMB18E1                                     r  uut/a6/w3_reg_rep/CLKARDCLK
                         clock pessimism             -0.501     1.588    
    RAMB18_X0Y25         RAMB18E1 (Hold_ramb18e1_CLKARDCLK_ADDRARDADDR[5])
                                                      0.183     1.771    uut/a6/w3_reg_rep
  -------------------------------------------------------------------
                         required time                         -1.771    
                         arrival time                           1.853    
  -------------------------------------------------------------------
                         slack                                  0.082    

Slack (MET) :             0.082ns  (arrival time - required time)
  Source:                 uut/a2/w7_reg[1]/C
                            (rising edge-triggered cell FDRE clocked by sys_clk_pin  {rise@0.000ns fall@5.000ns period=10.000ns})
  Destination:            uut/a3/w3_reg_rep_bsel/ADDRBWRADDR[5]
                            (rising edge-triggered cell RAMB18E1 clocked by sys_clk_pin  {rise@0.000ns fall@5.000ns period=10.000ns})
  Path Group:             sys_clk_pin
  Path Type:              Hold (Min at Fast Process Corner)
  Requirement:            0.000ns  (sys_clk_pin rise@0.000ns - sys_clk_pin rise@0.000ns)
  Data Path Delay:        0.319ns  (logic 0.164ns (51.442%)  route 0.155ns (48.558%))
  Logic Levels:           0  
  Clock Path Skew:        0.054ns (DCD - SCD - CPR)
    Destination Clock Delay (DCD):    2.164ns
    Source Clock Delay      (SCD):    1.606ns
    Clock Pessimism Removal (CPR):    0.504ns

    Location             Delay type                Incr(ns)  Path(ns)    Netlist Resource(s)
  -------------------------------------------------------------------    -------------------
                         (clock sys_clk_pin rise edge)
                                                      0.000     0.000 r  
    N11                                               0.000     0.000 r  sysclk (IN)
                         net (fo=0)                   0.000     0.000    sysclk
    N11                  IBUF (Prop_ibuf_I_O)         0.300     0.300 r  sysclk_IBUF_inst/O
                         net (fo=1, routed)           0.640     0.940    sysclk_IBUF
    BUFGCTRL_X0Y0        BUFG (Prop_bufg_I_O)         0.026     0.966 r  sysclk_IBUF_BUFG_inst/O
                         net (fo=1943, routed)        0.640     1.606    uut/a2/sysclk_IBUF_BUFG
    SLICE_X8Y48          FDRE                                         r  uut/a2/w7_reg[1]/C
  -------------------------------------------------------------------    -------------------
    SLICE_X8Y48          FDRE (Prop_fdre_C_Q)         0.164     1.770 r  uut/a2/w7_reg[1]/Q
                         net (fo=2, routed)           0.155     1.925    uut/a3/in[1]
    RAMB18_X0Y19         RAMB18E1                                     r  uut/a3/w3_reg_rep_bsel/ADDRBWRADDR[5]
  -------------------------------------------------------------------    -------------------

                         (clock sys_clk_pin rise edge)
                                                      0.000     0.000 r  
    N11                                               0.000     0.000 r  sysclk (IN)
                         net (fo=0)                   0.000     0.000    sysclk
    N11                  IBUF (Prop_ibuf_I_O)         0.488     0.488 r  sysclk_IBUF_inst/O
                         net (fo=1, routed)           0.695     1.183    sysclk_IBUF
    BUFGCTRL_X0Y0        BUFG (Prop_bufg_I_O)         0.029     1.212 r  sysclk_IBUF_BUFG_inst/O
                         net (fo=1943, routed)        0.952     2.164    uut/a3/sysclk_IBUF_BUFG
    RAMB18_X0Y19         RAMB18E1                                     r  uut/a3/w3_reg_rep_bsel/CLKBWRCLK
                         clock pessimism             -0.504     1.660    
    RAMB18_X0Y19         RAMB18E1 (Hold_ramb18e1_CLKBWRCLK_ADDRBWRADDR[5])
                                                      0.183     1.843    uut/a3/w3_reg_rep_bsel
  -------------------------------------------------------------------
                         required time                         -1.843    
                         arrival time                           1.925    
  -------------------------------------------------------------------
                         slack                                  0.082    

Slack (MET) :             0.082ns  (arrival time - required time)
  Source:                 uut/a3/w4_reg[10]/C
                            (rising edge-triggered cell FDRE clocked by sys_clk_pin  {rise@0.000ns fall@5.000ns period=10.000ns})
  Destination:            uut/a4/w0_reg[10]/D
                            (rising edge-triggered cell FDRE clocked by sys_clk_pin  {rise@0.000ns fall@5.000ns period=10.000ns})
  Path Group:             sys_clk_pin
  Path Type:              Hold (Min at Fast Process Corner)
  Requirement:            0.000ns  (sys_clk_pin rise@0.000ns - sys_clk_pin rise@0.000ns)
  Data Path Delay:        0.346ns  (logic 0.141ns (40.794%)  route 0.205ns (59.206%))
  Logic Levels:           0  
  Clock Path Skew:        0.200ns (DCD - SCD - CPR)
    Destination Clock Delay (DCD):    2.087ns
    Source Clock Delay      (SCD):    1.635ns
    Clock Pessimism Removal (CPR):    0.251ns

    Location             Delay type                Incr(ns)  Path(ns)    Netlist Resource(s)
  -------------------------------------------------------------------    -------------------
                         (clock sys_clk_pin rise edge)
                                                      0.000     0.000 r  
    N11                                               0.000     0.000 r  sysclk (IN)
                         net (fo=0)                   0.000     0.000    sysclk
    N11                  IBUF (Prop_ibuf_I_O)         0.300     0.300 r  sysclk_IBUF_inst/O
                         net (fo=1, routed)           0.640     0.940    sysclk_IBUF
    BUFGCTRL_X0Y0        BUFG (Prop_bufg_I_O)         0.026     0.966 r  sysclk_IBUF_BUFG_inst/O
                         net (fo=1943, routed)        0.669     1.635    uut/a3/sysclk_IBUF_BUFG
    SLICE_X3Y48          FDRE                                         r  uut/a3/w4_reg[10]/C
  -------------------------------------------------------------------    -------------------
    SLICE_X3Y48          FDRE (Prop_fdre_C_Q)         0.141     1.776 r  uut/a3/w4_reg[10]/Q
                         net (fo=2, routed)           0.205     1.981    uut/a4/out_2[106]
    SLICE_X2Y53          FDRE                                         r  uut/a4/w0_reg[10]/D
  -------------------------------------------------------------------    -------------------

                         (clock sys_clk_pin rise edge)
                                                      0.000     0.000 r  
    N11                                               0.000     0.000 r  sysclk (IN)
                         net (fo=0)                   0.000     0.000    sysclk
    N11                  IBUF (Prop_ibuf_I_O)         0.488     0.488 r  sysclk_IBUF_inst/O
                         net (fo=1, routed)           0.695     1.183    sysclk_IBUF
    BUFGCTRL_X0Y0        BUFG (Prop_bufg_I_O)         0.029     1.212 r  sysclk_IBUF_BUFG_inst/O
                         net (fo=1943, routed)        0.875     2.087    uut/a4/sysclk_IBUF_BUFG
    SLICE_X2Y53          FDRE                                         r  uut/a4/w0_reg[10]/C
                         clock pessimism             -0.251     1.836    
    SLICE_X2Y53          FDRE (Hold_fdre_C_D)         0.063     1.899    uut/a4/w0_reg[10]
  -------------------------------------------------------------------
                         required time                         -1.899    
                         arrival time                           1.981    
  -------------------------------------------------------------------
                         slack                                  0.082    

Slack (MET) :             0.082ns  (arrival time - required time)
  Source:                 uut/a2/w7_reg[20]/C
                            (rising edge-triggered cell FDRE clocked by sys_clk_pin  {rise@0.000ns fall@5.000ns period=10.000ns})
  Destination:            uut/a3/w3_reg_rep_bsel__0/ADDRBWRADDR[8]
                            (rising edge-triggered cell RAMB18E1 clocked by sys_clk_pin  {rise@0.000ns fall@5.000ns period=10.000ns})
  Path Group:             sys_clk_pin
  Path Type:              Hold (Min at Fast Process Corner)
  Requirement:            0.000ns  (sys_clk_pin rise@0.000ns - sys_clk_pin rise@0.000ns)
  Data Path Delay:        0.321ns  (logic 0.164ns (51.072%)  route 0.157ns (48.928%))
  Logic Levels:           0  
  Clock Path Skew:        0.056ns (DCD - SCD - CPR)
    Destination Clock Delay (DCD):    2.095ns
    Source Clock Delay      (SCD):    1.539ns
    Clock Pessimism Removal (CPR):    0.501ns

    Location             Delay type                Incr(ns)  Path(ns)    Netlist Resource(s)
  -------------------------------------------------------------------    -------------------
                         (clock sys_clk_pin rise edge)
                                                      0.000     0.000 r  
    N11                                               0.000     0.000 r  sysclk (IN)
                         net (fo=0)                   0.000     0.000    sysclk
    N11                  IBUF (Prop_ibuf_I_O)         0.300     0.300 r  sysclk_IBUF_inst/O
                         net (fo=1, routed)           0.640     0.940    sysclk_IBUF
    BUFGCTRL_X0Y0        BUFG (Prop_bufg_I_O)         0.026     0.966 r  sysclk_IBUF_BUFG_inst/O
                         net (fo=1943, routed)        0.573     1.539    uut/a2/sysclk_IBUF_BUFG
    SLICE_X8Y53          FDRE                                         r  uut/a2/w7_reg[20]/C
  -------------------------------------------------------------------    -------------------
    SLICE_X8Y53          FDRE (Prop_fdre_C_Q)         0.164     1.703 r  uut/a2/w7_reg[20]/Q
                         net (fo=2, routed)           0.157     1.860    uut/a3/in[20]
    RAMB18_X0Y20         RAMB18E1                                     r  uut/a3/w3_reg_rep_bsel__0/ADDRBWRADDR[8]
  -------------------------------------------------------------------    -------------------

                         (clock sys_clk_pin rise edge)
                                                      0.000     0.000 r  
    N11                                               0.000     0.000 r  sysclk (IN)
                         net (fo=0)                   0.000     0.000    sysclk
    N11                  IBUF (Prop_ibuf_I_O)         0.488     0.488 r  sysclk_IBUF_inst/O
                         net (fo=1, routed)           0.695     1.183    sysclk_IBUF
    BUFGCTRL_X0Y0        BUFG (Prop_bufg_I_O)         0.029     1.212 r  sysclk_IBUF_BUFG_inst/O
                         net (fo=1943, routed)        0.883     2.095    uut/a3/sysclk_IBUF_BUFG
    RAMB18_X0Y20         RAMB18E1                                     r  uut/a3/w3_reg_rep_bsel__0/CLKBWRCLK
                         clock pessimism             -0.501     1.594    
    RAMB18_X0Y20         RAMB18E1 (Hold_ramb18e1_CLKBWRCLK_ADDRBWRADDR[8])
                                                      0.183     1.777    uut/a3/w3_reg_rep_bsel__0
  -------------------------------------------------------------------
                         required time                         -1.777    
                         arrival time                           1.860    
  -------------------------------------------------------------------
                         slack                                  0.082    

Slack (MET) :             0.086ns  (arrival time - required time)
  Source:                 uut/a2/w4_reg[15]/C
                            (rising edge-triggered cell FDRE clocked by sys_clk_pin  {rise@0.000ns fall@5.000ns period=10.000ns})
  Destination:            uut/a3/w0_reg[15]/D
                            (rising edge-triggered cell FDRE clocked by sys_clk_pin  {rise@0.000ns fall@5.000ns period=10.000ns})
  Path Group:             sys_clk_pin
  Path Type:              Hold (Min at Fast Process Corner)
  Requirement:            0.000ns  (sys_clk_pin rise@0.000ns - sys_clk_pin rise@0.000ns)
  Data Path Delay:        0.345ns  (logic 0.164ns (47.542%)  route 0.181ns (52.458%))
  Logic Levels:           0  
  Clock Path Skew:        0.199ns (DCD - SCD - CPR)
    Destination Clock Delay (DCD):    2.085ns
    Source Clock Delay      (SCD):    1.634ns
    Clock Pessimism Removal (CPR):    0.251ns

    Location             Delay type                Incr(ns)  Path(ns)    Netlist Resource(s)
  -------------------------------------------------------------------    -------------------
                         (clock sys_clk_pin rise edge)
                                                      0.000     0.000 r  
    N11                                               0.000     0.000 r  sysclk (IN)
                         net (fo=0)                   0.000     0.000    sysclk
    N11                  IBUF (Prop_ibuf_I_O)         0.300     0.300 r  sysclk_IBUF_inst/O
                         net (fo=1, routed)           0.640     0.940    sysclk_IBUF
    BUFGCTRL_X0Y0        BUFG (Prop_bufg_I_O)         0.026     0.966 r  sysclk_IBUF_BUFG_inst/O
                         net (fo=1943, routed)        0.668     1.634    uut/a2/sysclk_IBUF_BUFG
    SLICE_X6Y47          FDRE                                         r  uut/a2/w4_reg[15]/C
  -------------------------------------------------------------------    -------------------
    SLICE_X6Y47          FDRE (Prop_fdre_C_Q)         0.164     1.798 r  uut/a2/w4_reg[15]/Q
                         net (fo=2, routed)           0.181     1.979    uut/a3/in[111]
    SLICE_X6Y50          FDRE                                         r  uut/a3/w0_reg[15]/D
  -------------------------------------------------------------------    -------------------

                         (clock sys_clk_pin rise edge)
                                                      0.000     0.000 r  
    N11                                               0.000     0.000 r  sysclk (IN)
                         net (fo=0)                   0.000     0.000    sysclk
    N11                  IBUF (Prop_ibuf_I_O)         0.488     0.488 r  sysclk_IBUF_inst/O
                         net (fo=1, routed)           0.695     1.183    sysclk_IBUF
    BUFGCTRL_X0Y0        BUFG (Prop_bufg_I_O)         0.029     1.212 r  sysclk_IBUF_BUFG_inst/O
                         net (fo=1943, routed)        0.873     2.085    uut/a3/sysclk_IBUF_BUFG
    SLICE_X6Y50          FDRE                                         r  uut/a3/w0_reg[15]/C
                         clock pessimism             -0.251     1.834    
    SLICE_X6Y50          FDRE (Hold_fdre_C_D)         0.060     1.894    uut/a3/w0_reg[15]
  -------------------------------------------------------------------
                         required time                         -1.894    
                         arrival time                           1.979    
  -------------------------------------------------------------------
                         slack                                  0.086    





Pulse Width Checks
--------------------------------------------------------------------------------------
Clock Name:         sys_clk_pin
Waveform(ns):       { 0.000 5.000 }
Period(ns):         10.000
Sources:            { sysclk }

Check Type        Corner  Lib Pin             Reference Pin  Required(ns)  Actual(ns)  Slack(ns)  Location      Pin
Min Period        n/a     RAMB18E1/CLKARDCLK  n/a            2.170         10.000      7.830      RAMB18_X0Y14  uut/a1/w3_reg_rep_bsel/CLKARDCLK
Min Period        n/a     RAMB18E1/CLKBWRCLK  n/a            2.170         10.000      7.830      RAMB18_X0Y14  uut/a1/w3_reg_rep_bsel/CLKBWRCLK
Min Period        n/a     RAMB18E1/CLKARDCLK  n/a            2.170         10.000      7.830      RAMB18_X0Y13  uut/a1/w3_reg_rep_bsel__0/CLKARDCLK
Min Period        n/a     RAMB18E1/CLKBWRCLK  n/a            2.170         10.000      7.830      RAMB18_X0Y13  uut/a1/w3_reg_rep_bsel__0/CLKBWRCLK
Min Period        n/a     RAMB18E1/CLKARDCLK  n/a            2.170         10.000      7.830      RAMB18_X0Y18  uut/a2/w3_reg_rep/CLKARDCLK
Min Period        n/a     RAMB18E1/CLKBWRCLK  n/a            2.170         10.000      7.830      RAMB18_X0Y18  uut/a2/w3_reg_rep/CLKBWRCLK
Min Period        n/a     RAMB18E1/CLKARDCLK  n/a            2.170         10.000      7.830      RAMB18_X0Y16  uut/a2/w3_reg_rep_bsel/CLKARDCLK
Min Period        n/a     RAMB18E1/CLKBWRCLK  n/a            2.170         10.000      7.830      RAMB18_X0Y16  uut/a2/w3_reg_rep_bsel/CLKBWRCLK
Min Period        n/a     RAMB18E1/CLKARDCLK  n/a            2.170         10.000      7.830      RAMB18_X0Y19  uut/a3/w3_reg_rep_bsel/CLKARDCLK
Min Period        n/a     RAMB18E1/CLKBWRCLK  n/a            2.170         10.000      7.830      RAMB18_X0Y19  uut/a3/w3_reg_rep_bsel/CLKBWRCLK
Low Pulse Width   Slow    SRL16E/CLK          n/a            0.854         5.000       4.146      SLICE_X10Y75  uut/a10/w3_reg[0]_srl2/CLK
Low Pulse Width   Fast    SRL16E/CLK          n/a            0.854         5.000       4.146      SLICE_X10Y75  uut/a10/w3_reg[0]_srl2/CLK
Low Pulse Width   Slow    SRL16E/CLK          n/a            0.854         5.000       4.146      SLICE_X10Y75  uut/a10/w3_reg[1]_srl2/CLK
Low Pulse Width   Fast    SRL16E/CLK          n/a            0.854         5.000       4.146      SLICE_X10Y75  uut/a10/w3_reg[1]_srl2/CLK
Low Pulse Width   Slow    SRL16E/CLK          n/a            0.854         5.000       4.146      SLICE_X10Y75  uut/a10/w3_reg[2]_srl2/CLK
Low Pulse Width   Fast    SRL16E/CLK          n/a            0.854         5.000       4.146      SLICE_X10Y75  uut/a10/w3_reg[2]_srl2/CLK
Low Pulse Width   Slow    SRL16E/CLK          n/a            0.854         5.000       4.146      SLICE_X10Y75  uut/a10/w3_reg[3]_srl2/CLK
Low Pulse Width   Fast    SRL16E/CLK          n/a            0.854         5.000       4.146      SLICE_X10Y75  uut/a10/w3_reg[3]_srl2/CLK
Low Pulse Width   Slow    SRL16E/CLK          n/a            0.854         5.000       4.146      SLICE_X6Y75   uut/a9/w2_reg[4]_srl2/CLK
Low Pulse Width   Fast    SRL16E/CLK          n/a            0.854         5.000       4.146      SLICE_X6Y75   uut/a9/w2_reg[4]_srl2/CLK
High Pulse Width  Slow    SRL16E/CLK          n/a            0.854         5.000       4.146      SLICE_X10Y75  uut/a10/w3_reg[0]_srl2/CLK
High Pulse Width  Fast    SRL16E/CLK          n/a            0.854         5.000       4.146      SLICE_X10Y75  uut/a10/w3_reg[0]_srl2/CLK
High Pulse Width  Slow    SRL16E/CLK          n/a            0.854         5.000       4.146      SLICE_X10Y75  uut/a10/w3_reg[1]_srl2/CLK
High Pulse Width  Fast    SRL16E/CLK          n/a            0.854         5.000       4.146      SLICE_X10Y75  uut/a10/w3_reg[1]_srl2/CLK
High Pulse Width  Slow    SRL16E/CLK          n/a            0.854         5.000       4.146      SLICE_X10Y75  uut/a10/w3_reg[2]_srl2/CLK
High Pulse Width  Fast    SRL16E/CLK          n/a            0.854         5.000       4.146      SLICE_X10Y75  uut/a10/w3_reg[2]_srl2/CLK
High Pulse Width  Slow    SRL16E/CLK          n/a            0.854         5.000       4.146      SLICE_X10Y75  uut/a10/w3_reg[3]_srl2/CLK
High Pulse Width  Fast    SRL16E/CLK          n/a            0.854         5.000       4.146      SLICE_X10Y75  uut/a10/w3_reg[3]_srl2/CLK
High Pulse Width  Slow    SRL16E/CLK          n/a            0.854         5.000       4.146      SLICE_X6Y75   uut/a9/w2_reg[4]_srl2/CLK
High Pulse Width  Fast    SRL16E/CLK          n/a            0.854         5.000       4.146      SLICE_X6Y75   uut/a9/w2_reg[4]_srl2/CLK



--------------------------------------------------------------------------------------
Path Group:  (none)
From Clock:  sys_clk_pin
  To Clock:  

Max Delay             5 Endpoints
Min Delay             5 Endpoints
--------------------------------------------------------------------------------------


Max Delay Paths
--------------------------------------------------------------------------------------
Slack:                    inf
  Source:                 led_reg[2]/C
                            (rising edge-triggered cell FDCE clocked by sys_clk_pin  {rise@0.000ns fall@5.000ns period=10.000ns})
  Destination:            led[2]
                            (output port)
  Path Group:             (none)
  Path Type:              Max at Slow Process Corner
  Data Path Delay:        6.033ns  (logic 3.723ns (61.706%)  route 2.310ns (38.294%))
  Logic Levels:           1  (OBUF=1)
  Clock Uncertainty:      0.025ns  ((TSJ^2 + TIJ^2)^1/2 + DJ) / 2 + PE
    Total System Jitter     (TSJ):    0.050ns
    Total Input Jitter      (TIJ):    0.000ns
    Discrete Jitter          (DJ):    0.000ns
    Phase Error              (PE):    0.000ns

    Location             Delay type                Incr(ns)  Path(ns)    Netlist Resource(s)
  -------------------------------------------------------------------    -------------------
                         (clock sys_clk_pin rise edge)
                                                      0.000     0.000 r  
    N11                                               0.000     0.000 r  sysclk (IN)
                         net (fo=0)                   0.000     0.000    sysclk
    N11                  IBUF (Prop_ibuf_I_O)         1.464     1.464 r  sysclk_IBUF_inst/O
                         net (fo=1, routed)           1.709     3.172    sysclk_IBUF
    BUFGCTRL_X0Y0        BUFG (Prop_bufg_I_O)         0.081     3.253 r  sysclk_IBUF_BUFG_inst/O
                         net (fo=1943, routed)        1.369     4.622    sysclk_IBUF_BUFG
    SLICE_X9Y75          FDCE                                         r  led_reg[2]/C
  -------------------------------------------------------------------    -------------------
    SLICE_X9Y75          FDCE (Prop_fdce_C_Q)         0.379     5.001 r  led_reg[2]/Q
                         net (fo=1, routed)           2.310     7.312    led_OBUF[2]
    P6                   OBUF (Prop_obuf_I_O)         3.344    10.655 r  led_OBUF[2]_inst/O
                         net (fo=0)                   0.000    10.655    led[2]
    P6                                                                r  led[2] (OUT)
  -------------------------------------------------------------------    -------------------

Slack:                    inf
  Source:                 led_reg[1]/C
                            (rising edge-triggered cell FDCE clocked by sys_clk_pin  {rise@0.000ns fall@5.000ns period=10.000ns})
  Destination:            led[1]
                            (output port)
  Path Group:             (none)
  Path Type:              Max at Slow Process Corner
  Data Path Delay:        5.936ns  (logic 3.649ns (61.469%)  route 2.287ns (38.531%))
  Logic Levels:           1  (OBUF=1)
  Clock Uncertainty:      0.025ns  ((TSJ^2 + TIJ^2)^1/2 + DJ) / 2 + PE
    Total System Jitter     (TSJ):    0.050ns
    Total Input Jitter      (TIJ):    0.000ns
    Discrete Jitter          (DJ):    0.000ns
    Phase Error              (PE):    0.000ns

    Location             Delay type                Incr(ns)  Path(ns)    Netlist Resource(s)
  -------------------------------------------------------------------    -------------------
                         (clock sys_clk_pin rise edge)
                                                      0.000     0.000 r  
    N11                                               0.000     0.000 r  sysclk (IN)
                         net (fo=0)                   0.000     0.000    sysclk
    N11                  IBUF (Prop_ibuf_I_O)         1.464     1.464 r  sysclk_IBUF_inst/O
                         net (fo=1, routed)           1.709     3.172    sysclk_IBUF
    BUFGCTRL_X0Y0        BUFG (Prop_bufg_I_O)         0.081     3.253 r  sysclk_IBUF_BUFG_inst/O
                         net (fo=1943, routed)        1.372     4.625    sysclk_IBUF_BUFG
    SLICE_X9Y77          FDCE                                         r  led_reg[1]/C
  -------------------------------------------------------------------    -------------------
    SLICE_X9Y77          FDCE (Prop_fdce_C_Q)         0.379     5.004 r  led_reg[1]/Q
                         net (fo=1, routed)           2.287     7.291    led_OBUF[1]
    J15                  OBUF (Prop_obuf_I_O)         3.270    10.561 r  led_OBUF[1]_inst/O
                         net (fo=0)                   0.000    10.561    led[1]
    J15                                                               r  led[1] (OUT)
  -------------------------------------------------------------------    -------------------

Slack:                    inf
  Source:                 led_reg[3]/C
                            (rising edge-triggered cell FDCE clocked by sys_clk_pin  {rise@0.000ns fall@5.000ns period=10.000ns})
  Destination:            led[3]
                            (output port)
  Path Group:             (none)
  Path Type:              Max at Slow Process Corner
  Data Path Delay:        5.826ns  (logic 3.638ns (62.450%)  route 2.188ns (37.550%))
  Logic Levels:           1  (OBUF=1)
  Clock Uncertainty:      0.025ns  ((TSJ^2 + TIJ^2)^1/2 + DJ) / 2 + PE
    Total System Jitter     (TSJ):    0.050ns
    Total Input Jitter      (TIJ):    0.000ns
    Discrete Jitter          (DJ):    0.000ns
    Phase Error              (PE):    0.000ns

    Location             Delay type                Incr(ns)  Path(ns)    Netlist Resource(s)
  -------------------------------------------------------------------    -------------------
                         (clock sys_clk_pin rise edge)
                                                      0.000     0.000 r  
    N11                                               0.000     0.000 r  sysclk (IN)
                         net (fo=0)                   0.000     0.000    sysclk
    N11                  IBUF (Prop_ibuf_I_O)         1.464     1.464 r  sysclk_IBUF_inst/O
                         net (fo=1, routed)           1.709     3.172    sysclk_IBUF
    BUFGCTRL_X0Y0        BUFG (Prop_bufg_I_O)         0.081     3.253 r  sysclk_IBUF_BUFG_inst/O
                         net (fo=1943, routed)        1.372     4.625    sysclk_IBUF_BUFG
    SLICE_X9Y77          FDCE                                         r  led_reg[3]/C
  -------------------------------------------------------------------    -------------------
    SLICE_X9Y77          FDCE (Prop_fdce_C_Q)         0.379     5.004 r  led_reg[3]/Q
                         net (fo=1, routed)           2.188     7.192    led_OBUF[3]
    G15                  OBUF (Prop_obuf_I_O)         3.259    10.451 r  led_OBUF[3]_inst/O
                         net (fo=0)                   0.000    10.451    led[3]
    G15                                                               r  led[3] (OUT)
  -------------------------------------------------------------------    -------------------

Slack:                    inf
  Source:                 state_reg/C
                            (rising edge-triggered cell FDCE clocked by sys_clk_pin  {rise@0.000ns fall@5.000ns period=10.000ns})
  Destination:            trigger
                            (output port)
  Path Group:             (none)
  Path Type:              Max at Slow Process Corner
  Data Path Delay:        5.735ns  (logic 3.703ns (64.571%)  route 2.032ns (35.429%))
  Logic Levels:           1  (OBUF=1)
  Clock Uncertainty:      0.025ns  ((TSJ^2 + TIJ^2)^1/2 + DJ) / 2 + PE
    Total System Jitter     (TSJ):    0.050ns
    Total Input Jitter      (TIJ):    0.000ns
    Discrete Jitter          (DJ):    0.000ns
    Phase Error              (PE):    0.000ns

    Location             Delay type                Incr(ns)  Path(ns)    Netlist Resource(s)
  -------------------------------------------------------------------    -------------------
                         (clock sys_clk_pin rise edge)
                                                      0.000     0.000 r  
    N11                                               0.000     0.000 r  sysclk (IN)
                         net (fo=0)                   0.000     0.000    sysclk
    N11                  IBUF (Prop_ibuf_I_O)         1.464     1.464 r  sysclk_IBUF_inst/O
                         net (fo=1, routed)           1.709     3.172    sysclk_IBUF
    BUFGCTRL_X0Y0        BUFG (Prop_bufg_I_O)         0.081     3.253 r  sysclk_IBUF_BUFG_inst/O
                         net (fo=1943, routed)        1.439     4.692    sysclk_IBUF_BUFG
    SLICE_X6Y77          FDCE                                         r  state_reg/C
  -------------------------------------------------------------------    -------------------
    SLICE_X6Y77          FDCE (Prop_fdce_C_Q)         0.433     5.125 r  state_reg/Q
                         net (fo=8, routed)           2.032     7.157    trigger_OBUF
    J13                  OBUF (Prop_obuf_I_O)         3.270    10.427 r  trigger_OBUF_inst/O
                         net (fo=0)                   0.000    10.427    trigger
    J13                                                               r  trigger (OUT)
  -------------------------------------------------------------------    -------------------

Slack:                    inf
  Source:                 led_reg[0]/C
                            (rising edge-triggered cell FDCE clocked by sys_clk_pin  {rise@0.000ns fall@5.000ns period=10.000ns})
  Destination:            led[0]
                            (output port)
  Path Group:             (none)
  Path Type:              Max at Slow Process Corner
  Data Path Delay:        5.756ns  (logic 3.648ns (63.384%)  route 2.108ns (36.616%))
  Logic Levels:           1  (OBUF=1)
  Clock Uncertainty:      0.025ns  ((TSJ^2 + TIJ^2)^1/2 + DJ) / 2 + PE
    Total System Jitter     (TSJ):    0.050ns
    Total Input Jitter      (TIJ):    0.000ns
    Discrete Jitter          (DJ):    0.000ns
    Phase Error              (PE):    0.000ns

    Location             Delay type                Incr(ns)  Path(ns)    Netlist Resource(s)
  -------------------------------------------------------------------    -------------------
                         (clock sys_clk_pin rise edge)
                                                      0.000     0.000 r  
    N11                                               0.000     0.000 r  sysclk (IN)
                         net (fo=0)                   0.000     0.000    sysclk
    N11                  IBUF (Prop_ibuf_I_O)         1.464     1.464 r  sysclk_IBUF_inst/O
                         net (fo=1, routed)           1.709     3.172    sysclk_IBUF
    BUFGCTRL_X0Y0        BUFG (Prop_bufg_I_O)         0.081     3.253 r  sysclk_IBUF_BUFG_inst/O
                         net (fo=1943, routed)        1.372     4.625    sysclk_IBUF_BUFG
    SLICE_X9Y77          FDCE                                         r  led_reg[0]/C
  -------------------------------------------------------------------    -------------------
    SLICE_X9Y77          FDCE (Prop_fdce_C_Q)         0.379     5.004 r  led_reg[0]/Q
                         net (fo=1, routed)           2.108     7.112    led_OBUF[0]
    J14                  OBUF (Prop_obuf_I_O)         3.269    10.381 r  led_OBUF[0]_inst/O
                         net (fo=0)                   0.000    10.381    led[0]
    J14                                                               r  led[0] (OUT)
  -------------------------------------------------------------------    -------------------





Min Delay Paths
--------------------------------------------------------------------------------------
Slack:                    inf
  Source:                 state_reg/C
                            (rising edge-triggered cell FDCE clocked by sys_clk_pin  {rise@0.000ns fall@5.000ns period=10.000ns})
  Destination:            trigger
                            (output port)
  Path Group:             (none)
  Path Type:              Min at Fast Process Corner
  Data Path Delay:        2.029ns  (logic 1.389ns (68.469%)  route 0.640ns (31.531%))
  Logic Levels:           1  (OBUF=1)
  Clock Uncertainty:      0.025ns  ((TSJ^2 + TIJ^2)^1/2 + DJ) / 2 + PE
    Total System Jitter     (TSJ):    0.050ns
    Total Input Jitter      (TIJ):    0.000ns
    Discrete Jitter          (DJ):    0.000ns
    Phase Error              (PE):    0.000ns

    Location             Delay type                Incr(ns)  Path(ns)    Netlist Resource(s)
  -------------------------------------------------------------------    -------------------
                         (clock sys_clk_pin rise edge)
                                                      0.000     0.000 r  
    N11                                               0.000     0.000 r  sysclk (IN)
                         net (fo=0)                   0.000     0.000    sysclk
    N11                  IBUF (Prop_ibuf_I_O)         0.300     0.300 r  sysclk_IBUF_inst/O
                         net (fo=1, routed)           0.640     0.940    sysclk_IBUF
    BUFGCTRL_X0Y0        BUFG (Prop_bufg_I_O)         0.026     0.966 r  sysclk_IBUF_BUFG_inst/O
                         net (fo=1943, routed)        0.591     1.557    sysclk_IBUF_BUFG
    SLICE_X6Y77          FDCE                                         r  state_reg/C
  -------------------------------------------------------------------    -------------------
    SLICE_X6Y77          FDCE (Prop_fdce_C_Q)         0.164     1.721 r  state_reg/Q
                         net (fo=8, routed)           0.640     2.360    trigger_OBUF
    J13                  OBUF (Prop_obuf_I_O)         1.225     3.586 r  trigger_OBUF_inst/O
                         net (fo=0)                   0.000     3.586    trigger
    J13                                                               r  trigger (OUT)
  -------------------------------------------------------------------    -------------------

Slack:                    inf
  Source:                 led_reg[0]/C
                            (rising edge-triggered cell FDCE clocked by sys_clk_pin  {rise@0.000ns fall@5.000ns period=10.000ns})
  Destination:            led[0]
                            (output port)
  Path Group:             (none)
  Path Type:              Min at Fast Process Corner
  Data Path Delay:        2.097ns  (logic 1.366ns (65.118%)  route 0.732ns (34.882%))
  Logic Levels:           1  (OBUF=1)
  Clock Uncertainty:      0.025ns  ((TSJ^2 + TIJ^2)^1/2 + DJ) / 2 + PE
    Total System Jitter     (TSJ):    0.050ns
    Total Input Jitter      (TIJ):    0.000ns
    Discrete Jitter          (DJ):    0.000ns
    Phase Error              (PE):    0.000ns

    Location             Delay type                Incr(ns)  Path(ns)    Netlist Resource(s)
  -------------------------------------------------------------------    -------------------
                         (clock sys_clk_pin rise edge)
                                                      0.000     0.000 r  
    N11                                               0.000     0.000 r  sysclk (IN)
                         net (fo=0)                   0.000     0.000    sysclk
    N11                  IBUF (Prop_ibuf_I_O)         0.300     0.300 r  sysclk_IBUF_inst/O
                         net (fo=1, routed)           0.640     0.940    sysclk_IBUF
    BUFGCTRL_X0Y0        BUFG (Prop_bufg_I_O)         0.026     0.966 r  sysclk_IBUF_BUFG_inst/O
                         net (fo=1943, routed)        0.563     1.529    sysclk_IBUF_BUFG
    SLICE_X9Y77          FDCE                                         r  led_reg[0]/C
  -------------------------------------------------------------------    -------------------
    SLICE_X9Y77          FDCE (Prop_fdce_C_Q)         0.141     1.670 r  led_reg[0]/Q
                         net (fo=1, routed)           0.732     2.401    led_OBUF[0]
    J14                  OBUF (Prop_obuf_I_O)         1.225     3.626 r  led_OBUF[0]_inst/O
                         net (fo=0)                   0.000     3.626    led[0]
    J14                                                               r  led[0] (OUT)
  -------------------------------------------------------------------    -------------------

Slack:                    inf
  Source:                 led_reg[3]/C
                            (rising edge-triggered cell FDCE clocked by sys_clk_pin  {rise@0.000ns fall@5.000ns period=10.000ns})
  Destination:            led[3]
                            (output port)
  Path Group:             (none)
  Path Type:              Min at Fast Process Corner
  Data Path Delay:        2.142ns  (logic 1.356ns (63.282%)  route 0.787ns (36.718%))
  Logic Levels:           1  (OBUF=1)
  Clock Uncertainty:      0.025ns  ((TSJ^2 + TIJ^2)^1/2 + DJ) / 2 + PE
    Total System Jitter     (TSJ):    0.050ns
    Total Input Jitter      (TIJ):    0.000ns
    Discrete Jitter          (DJ):    0.000ns
    Phase Error              (PE):    0.000ns

    Location             Delay type                Incr(ns)  Path(ns)    Netlist Resource(s)
  -------------------------------------------------------------------    -------------------
                         (clock sys_clk_pin rise edge)
                                                      0.000     0.000 r  
    N11                                               0.000     0.000 r  sysclk (IN)
                         net (fo=0)                   0.000     0.000    sysclk
    N11                  IBUF (Prop_ibuf_I_O)         0.300     0.300 r  sysclk_IBUF_inst/O
                         net (fo=1, routed)           0.640     0.940    sysclk_IBUF
    BUFGCTRL_X0Y0        BUFG (Prop_bufg_I_O)         0.026     0.966 r  sysclk_IBUF_BUFG_inst/O
                         net (fo=1943, routed)        0.563     1.529    sysclk_IBUF_BUFG
    SLICE_X9Y77          FDCE                                         r  led_reg[3]/C
  -------------------------------------------------------------------    -------------------
    SLICE_X9Y77          FDCE (Prop_fdce_C_Q)         0.141     1.670 r  led_reg[3]/Q
                         net (fo=1, routed)           0.787     2.456    led_OBUF[3]
    G15                  OBUF (Prop_obuf_I_O)         1.215     3.671 r  led_OBUF[3]_inst/O
                         net (fo=0)                   0.000     3.671    led[3]
    G15                                                               r  led[3] (OUT)
  -------------------------------------------------------------------    -------------------

Slack:                    inf
  Source:                 led_reg[1]/C
                            (rising edge-triggered cell FDCE clocked by sys_clk_pin  {rise@0.000ns fall@5.000ns period=10.000ns})
  Destination:            led[1]
                            (output port)
  Path Group:             (none)
  Path Type:              Min at Fast Process Corner
  Data Path Delay:        2.184ns  (logic 1.366ns (62.543%)  route 0.818ns (37.457%))
  Logic Levels:           1  (OBUF=1)
  Clock Uncertainty:      0.025ns  ((TSJ^2 + TIJ^2)^1/2 + DJ) / 2 + PE
    Total System Jitter     (TSJ):    0.050ns
    Total Input Jitter      (TIJ):    0.000ns
    Discrete Jitter          (DJ):    0.000ns
    Phase Error              (PE):    0.000ns

    Location             Delay type                Incr(ns)  Path(ns)    Netlist Resource(s)
  -------------------------------------------------------------------    -------------------
                         (clock sys_clk_pin rise edge)
                                                      0.000     0.000 r  
    N11                                               0.000     0.000 r  sysclk (IN)
                         net (fo=0)                   0.000     0.000    sysclk
    N11                  IBUF (Prop_ibuf_I_O)         0.300     0.300 r  sysclk_IBUF_inst/O
                         net (fo=1, routed)           0.640     0.940    sysclk_IBUF
    BUFGCTRL_X0Y0        BUFG (Prop_bufg_I_O)         0.026     0.966 r  sysclk_IBUF_BUFG_inst/O
                         net (fo=1943, routed)        0.563     1.529    sysclk_IBUF_BUFG
    SLICE_X9Y77          FDCE                                         r  led_reg[1]/C
  -------------------------------------------------------------------    -------------------
    SLICE_X9Y77          FDCE (Prop_fdce_C_Q)         0.141     1.670 r  led_reg[1]/Q
                         net (fo=1, routed)           0.818     2.488    led_OBUF[1]
    J15                  OBUF (Prop_obuf_I_O)         1.225     3.713 r  led_OBUF[1]_inst/O
                         net (fo=0)                   0.000     3.713    led[1]
    J15                                                               r  led[1] (OUT)
  -------------------------------------------------------------------    -------------------

Slack:                    inf
  Source:                 led_reg[2]/C
                            (rising edge-triggered cell FDCE clocked by sys_clk_pin  {rise@0.000ns fall@5.000ns period=10.000ns})
  Destination:            led[2]
                            (output port)
  Path Group:             (none)
  Path Type:              Min at Fast Process Corner
  Data Path Delay:        2.285ns  (logic 1.439ns (63.001%)  route 0.845ns (36.999%))
  Logic Levels:           1  (OBUF=1)
  Clock Uncertainty:      0.025ns  ((TSJ^2 + TIJ^2)^1/2 + DJ) / 2 + PE
    Total System Jitter     (TSJ):    0.050ns
    Total Input Jitter      (TIJ):    0.000ns
    Discrete Jitter          (DJ):    0.000ns
    Phase Error              (PE):    0.000ns

    Location             Delay type                Incr(ns)  Path(ns)    Netlist Resource(s)
  -------------------------------------------------------------------    -------------------
                         (clock sys_clk_pin rise edge)
                                                      0.000     0.000 r  
    N11                                               0.000     0.000 r  sysclk (IN)
                         net (fo=0)                   0.000     0.000    sysclk
    N11                  IBUF (Prop_ibuf_I_O)         0.300     0.300 r  sysclk_IBUF_inst/O
                         net (fo=1, routed)           0.640     0.940    sysclk_IBUF
    BUFGCTRL_X0Y0        BUFG (Prop_bufg_I_O)         0.026     0.966 r  sysclk_IBUF_BUFG_inst/O
                         net (fo=1943, routed)        0.560     1.526    sysclk_IBUF_BUFG
    SLICE_X9Y75          FDCE                                         r  led_reg[2]/C
  -------------------------------------------------------------------    -------------------
    SLICE_X9Y75          FDCE (Prop_fdce_C_Q)         0.141     1.667 r  led_reg[2]/Q
                         net (fo=1, routed)           0.845     2.512    led_OBUF[2]
    P6                   OBUF (Prop_obuf_I_O)         1.298     3.810 r  led_OBUF[2]_inst/O
                         net (fo=0)                   0.000     3.810    led[2]
    P6                                                                r  led[2] (OUT)
  -------------------------------------------------------------------    -------------------





--------------------------------------------------------------------------------------
Path Group:  (none)
From Clock:  
  To Clock:  sys_clk_pin

Max Delay            26 Endpoints
Min Delay            26 Endpoints
--------------------------------------------------------------------------------------


Max Delay Paths
--------------------------------------------------------------------------------------
Slack:                    inf
  Source:                 rst
                            (input port)
  Destination:            btn_prev_reg[2]/CLR
                            (recovery check against rising-edge clock sys_clk_pin  {rise@0.000ns fall@5.000ns period=10.000ns})
  Path Group:             (none)
  Path Type:              Recovery (Max at Slow Process Corner)
  Data Path Delay:        6.810ns  (logic 1.427ns (20.951%)  route 5.383ns (79.049%))
  Logic Levels:           1  (IBUF=1)
  Clock Path Skew:        4.577ns (DCD - SCD + CPR)
    Destination Clock Delay (DCD):    4.577ns
    Source Clock Delay      (SCD):    0.000ns
    Clock Pessimism Removal (CPR):    0.000ns
  Clock Uncertainty:      0.025ns  ((TSJ^2 + TIJ^2)^1/2 + DJ) / 2 + PE
    Total System Jitter     (TSJ):    0.050ns
    Total Input Jitter      (TIJ):    0.000ns
    Discrete Jitter          (DJ):    0.000ns
    Phase Error              (PE):    0.000ns

    Location             Delay type                Incr(ns)  Path(ns)    Netlist Resource(s)
  -------------------------------------------------------------------    -------------------
    C4                                                0.000     0.000 f  rst (IN)
                         net (fo=0)                   0.000     0.000    rst
    C4                   IBUF (Prop_ibuf_I_O)         1.427     1.427 f  rst_IBUF_inst/O
                         net (fo=22, routed)          5.383     6.810    rst_IBUF
    SLICE_X3Y40          FDCE                                         f  btn_prev_reg[2]/CLR
  -------------------------------------------------------------------    -------------------

                         (clock sys_clk_pin rise edge)
                                                      0.000     0.000 r  
    N11                                               0.000     0.000 r  sysclk (IN)
                         net (fo=0)                   0.000     0.000    sysclk
    N11                  IBUF (Prop_ibuf_I_O)         1.397     1.397 r  sysclk_IBUF_inst/O
                         net (fo=1, routed)           1.620     3.017    sysclk_IBUF
    BUFGCTRL_X0Y0        BUFG (Prop_bufg_I_O)         0.077     3.094 r  sysclk_IBUF_BUFG_inst/O
                         net (fo=1943, routed)        1.483     4.577    sysclk_IBUF_BUFG
    SLICE_X3Y40          FDCE                                         r  btn_prev_reg[2]/C

Slack:                    inf
  Source:                 rst
                            (input port)
  Destination:            btn_prev_reg[3]/CLR
                            (recovery check against rising-edge clock sys_clk_pin  {rise@0.000ns fall@5.000ns period=10.000ns})
  Path Group:             (none)
  Path Type:              Recovery (Max at Slow Process Corner)
  Data Path Delay:        6.810ns  (logic 1.427ns (20.951%)  route 5.383ns (79.049%))
  Logic Levels:           1  (IBUF=1)
  Clock Path Skew:        4.577ns (DCD - SCD + CPR)
    Destination Clock Delay (DCD):    4.577ns
    Source Clock Delay      (SCD):    0.000ns
    Clock Pessimism Removal (CPR):    0.000ns
  Clock Uncertainty:      0.025ns  ((TSJ^2 + TIJ^2)^1/2 + DJ) / 2 + PE
    Total System Jitter     (TSJ):    0.050ns
    Total Input Jitter      (TIJ):    0.000ns
    Discrete Jitter          (DJ):    0.000ns
    Phase Error              (PE):    0.000ns

    Location             Delay type                Incr(ns)  Path(ns)    Netlist Resource(s)
  -------------------------------------------------------------------    -------------------
    C4                                                0.000     0.000 f  rst (IN)
                         net (fo=0)                   0.000     0.000    rst
    C4                   IBUF (Prop_ibuf_I_O)         1.427     1.427 f  rst_IBUF_inst/O
                         net (fo=22, routed)          5.383     6.810    rst_IBUF
    SLICE_X3Y40          FDCE                                         f  btn_prev_reg[3]/CLR
  -------------------------------------------------------------------    -------------------

                         (clock sys_clk_pin rise edge)
                                                      0.000     0.000 r  
    N11                                               0.000     0.000 r  sysclk (IN)
                         net (fo=0)                   0.000     0.000    sysclk
    N11                  IBUF (Prop_ibuf_I_O)         1.397     1.397 r  sysclk_IBUF_inst/O
                         net (fo=1, routed)           1.620     3.017    sysclk_IBUF
    BUFGCTRL_X0Y0        BUFG (Prop_bufg_I_O)         0.077     3.094 r  sysclk_IBUF_BUFG_inst/O
                         net (fo=1943, routed)        1.483     4.577    sysclk_IBUF_BUFG
    SLICE_X3Y40          FDCE                                         r  btn_prev_reg[3]/C

Slack:                    inf
  Source:                 rst
                            (input port)
  Destination:            key_reg_reg[66]/CLR
                            (recovery check against rising-edge clock sys_clk_pin  {rise@0.000ns fall@5.000ns period=10.000ns})
  Path Group:             (none)
  Path Type:              Recovery (Max at Slow Process Corner)
  Data Path Delay:        6.585ns  (logic 1.427ns (21.668%)  route 5.158ns (78.332%))
  Logic Levels:           1  (IBUF=1)
  Clock Path Skew:        4.576ns (DCD - SCD + CPR)
    Destination Clock Delay (DCD):    4.576ns
    Source Clock Delay      (SCD):    0.000ns
    Clock Pessimism Removal (CPR):    0.000ns
  Clock Uncertainty:      0.025ns  ((TSJ^2 + TIJ^2)^1/2 + DJ) / 2 + PE
    Total System Jitter     (TSJ):    0.050ns
    Total Input Jitter      (TIJ):    0.000ns
    Discrete Jitter          (DJ):    0.000ns
    Phase Error              (PE):    0.000ns

    Location             Delay type                Incr(ns)  Path(ns)    Netlist Resource(s)
  -------------------------------------------------------------------    -------------------
    C4                                                0.000     0.000 f  rst (IN)
                         net (fo=0)                   0.000     0.000    rst
    C4                   IBUF (Prop_ibuf_I_O)         1.427     1.427 f  rst_IBUF_inst/O
                         net (fo=22, routed)          5.158     6.585    rst_IBUF
    SLICE_X4Y40          FDCE                                         f  key_reg_reg[66]/CLR
  -------------------------------------------------------------------    -------------------

                         (clock sys_clk_pin rise edge)
                                                      0.000     0.000 r  
    N11                                               0.000     0.000 r  sysclk (IN)
                         net (fo=0)                   0.000     0.000    sysclk
    N11                  IBUF (Prop_ibuf_I_O)         1.397     1.397 r  sysclk_IBUF_inst/O
                         net (fo=1, routed)           1.620     3.017    sysclk_IBUF
    BUFGCTRL_X0Y0        BUFG (Prop_bufg_I_O)         0.077     3.094 r  sysclk_IBUF_BUFG_inst/O
                         net (fo=1943, routed)        1.482     4.576    sysclk_IBUF_BUFG
    SLICE_X4Y40          FDCE                                         r  key_reg_reg[66]/C

Slack:                    inf
  Source:                 rst
                            (input port)
  Destination:            key_reg_reg[71]/CLR
                            (recovery check against rising-edge clock sys_clk_pin  {rise@0.000ns fall@5.000ns period=10.000ns})
  Path Group:             (none)
  Path Type:              Recovery (Max at Slow Process Corner)
  Data Path Delay:        6.585ns  (logic 1.427ns (21.668%)  route 5.158ns (78.332%))
  Logic Levels:           1  (IBUF=1)
  Clock Path Skew:        4.576ns (DCD - SCD + CPR)
    Destination Clock Delay (DCD):    4.576ns
    Source Clock Delay      (SCD):    0.000ns
    Clock Pessimism Removal (CPR):    0.000ns
  Clock Uncertainty:      0.025ns  ((TSJ^2 + TIJ^2)^1/2 + DJ) / 2 + PE
    Total System Jitter     (TSJ):    0.050ns
    Total Input Jitter      (TIJ):    0.000ns
    Discrete Jitter          (DJ):    0.000ns
    Phase Error              (PE):    0.000ns

    Location             Delay type                Incr(ns)  Path(ns)    Netlist Resource(s)
  -------------------------------------------------------------------    -------------------
    C4                                                0.000     0.000 f  rst (IN)
                         net (fo=0)                   0.000     0.000    rst
    C4                   IBUF (Prop_ibuf_I_O)         1.427     1.427 f  rst_IBUF_inst/O
                         net (fo=22, routed)          5.158     6.585    rst_IBUF
    SLICE_X4Y40          FDCE                                         f  key_reg_reg[71]/CLR
  -------------------------------------------------------------------    -------------------

                         (clock sys_clk_pin rise edge)
                                                      0.000     0.000 r  
    N11                                               0.000     0.000 r  sysclk (IN)
                         net (fo=0)                   0.000     0.000    sysclk
    N11                  IBUF (Prop_ibuf_I_O)         1.397     1.397 r  sysclk_IBUF_inst/O
                         net (fo=1, routed)           1.620     3.017    sysclk_IBUF
    BUFGCTRL_X0Y0        BUFG (Prop_bufg_I_O)         0.077     3.094 r  sysclk_IBUF_BUFG_inst/O
                         net (fo=1943, routed)        1.482     4.576    sysclk_IBUF_BUFG
    SLICE_X4Y40          FDCE                                         r  key_reg_reg[71]/C

Slack:                    inf
  Source:                 rst
                            (input port)
  Destination:            plaintext_reg_reg[67]/CLR
                            (recovery check against rising-edge clock sys_clk_pin  {rise@0.000ns fall@5.000ns period=10.000ns})
  Path Group:             (none)
  Path Type:              Recovery (Max at Slow Process Corner)
  Data Path Delay:        6.585ns  (logic 1.427ns (21.668%)  route 5.158ns (78.332%))
  Logic Levels:           1  (IBUF=1)
  Clock Path Skew:        4.576ns (DCD - SCD + CPR)
    Destination Clock Delay (DCD):    4.576ns
    Source Clock Delay      (SCD):    0.000ns
    Clock Pessimism Removal (CPR):    0.000ns
  Clock Uncertainty:      0.025ns  ((TSJ^2 + TIJ^2)^1/2 + DJ) / 2 + PE
    Total System Jitter     (TSJ):    0.050ns
    Total Input Jitter      (TIJ):    0.000ns
    Discrete Jitter          (DJ):    0.000ns
    Phase Error              (PE):    0.000ns

    Location             Delay type                Incr(ns)  Path(ns)    Netlist Resource(s)
  -------------------------------------------------------------------    -------------------
    C4                                                0.000     0.000 f  rst (IN)
                         net (fo=0)                   0.000     0.000    rst
    C4                   IBUF (Prop_ibuf_I_O)         1.427     1.427 f  rst_IBUF_inst/O
                         net (fo=22, routed)          5.158     6.585    rst_IBUF
    SLICE_X4Y40          FDCE                                         f  plaintext_reg_reg[67]/CLR
  -------------------------------------------------------------------    -------------------

                         (clock sys_clk_pin rise edge)
                                                      0.000     0.000 r  
    N11                                               0.000     0.000 r  sysclk (IN)
                         net (fo=0)                   0.000     0.000    sysclk
    N11                  IBUF (Prop_ibuf_I_O)         1.397     1.397 r  sysclk_IBUF_inst/O
                         net (fo=1, routed)           1.620     3.017    sysclk_IBUF
    BUFGCTRL_X0Y0        BUFG (Prop_bufg_I_O)         0.077     3.094 r  sysclk_IBUF_BUFG_inst/O
                         net (fo=1943, routed)        1.482     4.576    sysclk_IBUF_BUFG
    SLICE_X4Y40          FDCE                                         r  plaintext_reg_reg[67]/C

Slack:                    inf
  Source:                 rst
                            (input port)
  Destination:            key_reg_reg[64]/CLR
                            (recovery check against rising-edge clock sys_clk_pin  {rise@0.000ns fall@5.000ns period=10.000ns})
  Path Group:             (none)
  Path Type:              Recovery (Max at Slow Process Corner)
  Data Path Delay:        6.581ns  (logic 1.427ns (21.680%)  route 5.154ns (78.320%))
  Logic Levels:           1  (IBUF=1)
  Clock Path Skew:        4.576ns (DCD - SCD + CPR)
    Destination Clock Delay (DCD):    4.576ns
    Source Clock Delay      (SCD):    0.000ns
    Clock Pessimism Removal (CPR):    0.000ns
  Clock Uncertainty:      0.025ns  ((TSJ^2 + TIJ^2)^1/2 + DJ) / 2 + PE
    Total System Jitter     (TSJ):    0.050ns
    Total Input Jitter      (TIJ):    0.000ns
    Discrete Jitter          (DJ):    0.000ns
    Phase Error              (PE):    0.000ns

    Location             Delay type                Incr(ns)  Path(ns)    Netlist Resource(s)
  -------------------------------------------------------------------    -------------------
    C4                                                0.000     0.000 f  rst (IN)
                         net (fo=0)                   0.000     0.000    rst
    C4                   IBUF (Prop_ibuf_I_O)         1.427     1.427 f  rst_IBUF_inst/O
                         net (fo=22, routed)          5.154     6.581    rst_IBUF
    SLICE_X5Y40          FDCE                                         f  key_reg_reg[64]/CLR
  -------------------------------------------------------------------    -------------------

                         (clock sys_clk_pin rise edge)
                                                      0.000     0.000 r  
    N11                                               0.000     0.000 r  sysclk (IN)
                         net (fo=0)                   0.000     0.000    sysclk
    N11                  IBUF (Prop_ibuf_I_O)         1.397     1.397 r  sysclk_IBUF_inst/O
                         net (fo=1, routed)           1.620     3.017    sysclk_IBUF
    BUFGCTRL_X0Y0        BUFG (Prop_bufg_I_O)         0.077     3.094 r  sysclk_IBUF_BUFG_inst/O
                         net (fo=1943, routed)        1.482     4.576    sysclk_IBUF_BUFG
    SLICE_X5Y40          FDCE                                         r  key_reg_reg[64]/C

Slack:                    inf
  Source:                 rst
                            (input port)
  Destination:            plaintext_reg_reg[66]/CLR
                            (recovery check against rising-edge clock sys_clk_pin  {rise@0.000ns fall@5.000ns period=10.000ns})
  Path Group:             (none)
  Path Type:              Recovery (Max at Slow Process Corner)
  Data Path Delay:        6.581ns  (logic 1.427ns (21.680%)  route 5.154ns (78.320%))
  Logic Levels:           1  (IBUF=1)
  Clock Path Skew:        4.576ns (DCD - SCD + CPR)
    Destination Clock Delay (DCD):    4.576ns
    Source Clock Delay      (SCD):    0.000ns
    Clock Pessimism Removal (CPR):    0.000ns
  Clock Uncertainty:      0.025ns  ((TSJ^2 + TIJ^2)^1/2 + DJ) / 2 + PE
    Total System Jitter     (TSJ):    0.050ns
    Total Input Jitter      (TIJ):    0.000ns
    Discrete Jitter          (DJ):    0.000ns
    Phase Error              (PE):    0.000ns

    Location             Delay type                Incr(ns)  Path(ns)    Netlist Resource(s)
  -------------------------------------------------------------------    -------------------
    C4                                                0.000     0.000 f  rst (IN)
                         net (fo=0)                   0.000     0.000    rst
    C4                   IBUF (Prop_ibuf_I_O)         1.427     1.427 f  rst_IBUF_inst/O
                         net (fo=22, routed)          5.154     6.581    rst_IBUF
    SLICE_X5Y40          FDCE                                         f  plaintext_reg_reg[66]/CLR
  -------------------------------------------------------------------    -------------------

                         (clock sys_clk_pin rise edge)
                                                      0.000     0.000 r  
    N11                                               0.000     0.000 r  sysclk (IN)
                         net (fo=0)                   0.000     0.000    sysclk
    N11                  IBUF (Prop_ibuf_I_O)         1.397     1.397 r  sysclk_IBUF_inst/O
                         net (fo=1, routed)           1.620     3.017    sysclk_IBUF
    BUFGCTRL_X0Y0        BUFG (Prop_bufg_I_O)         0.077     3.094 r  sysclk_IBUF_BUFG_inst/O
                         net (fo=1943, routed)        1.482     4.576    sysclk_IBUF_BUFG
    SLICE_X5Y40          FDCE                                         r  plaintext_reg_reg[66]/C

Slack:                    inf
  Source:                 rst
                            (input port)
  Destination:            plaintext_reg_reg[70]/CLR
                            (recovery check against rising-edge clock sys_clk_pin  {rise@0.000ns fall@5.000ns period=10.000ns})
  Path Group:             (none)
  Path Type:              Recovery (Max at Slow Process Corner)
  Data Path Delay:        6.581ns  (logic 1.427ns (21.680%)  route 5.154ns (78.320%))
  Logic Levels:           1  (IBUF=1)
  Clock Path Skew:        4.576ns (DCD - SCD + CPR)
    Destination Clock Delay (DCD):    4.576ns
    Source Clock Delay      (SCD):    0.000ns
    Clock Pessimism Removal (CPR):    0.000ns
  Clock Uncertainty:      0.025ns  ((TSJ^2 + TIJ^2)^1/2 + DJ) / 2 + PE
    Total System Jitter     (TSJ):    0.050ns
    Total Input Jitter      (TIJ):    0.000ns
    Discrete Jitter          (DJ):    0.000ns
    Phase Error              (PE):    0.000ns

    Location             Delay type                Incr(ns)  Path(ns)    Netlist Resource(s)
  -------------------------------------------------------------------    -------------------
    C4                                                0.000     0.000 f  rst (IN)
                         net (fo=0)                   0.000     0.000    rst
    C4                   IBUF (Prop_ibuf_I_O)         1.427     1.427 f  rst_IBUF_inst/O
                         net (fo=22, routed)          5.154     6.581    rst_IBUF
    SLICE_X5Y40          FDCE                                         f  plaintext_reg_reg[70]/CLR
  -------------------------------------------------------------------    -------------------

                         (clock sys_clk_pin rise edge)
                                                      0.000     0.000 r  
    N11                                               0.000     0.000 r  sysclk (IN)
                         net (fo=0)                   0.000     0.000    sysclk
    N11                  IBUF (Prop_ibuf_I_O)         1.397     1.397 r  sysclk_IBUF_inst/O
                         net (fo=1, routed)           1.620     3.017    sysclk_IBUF
    BUFGCTRL_X0Y0        BUFG (Prop_bufg_I_O)         0.077     3.094 r  sysclk_IBUF_BUFG_inst/O
                         net (fo=1943, routed)        1.482     4.576    sysclk_IBUF_BUFG
    SLICE_X5Y40          FDCE                                         r  plaintext_reg_reg[70]/C

Slack:                    inf
  Source:                 rst
                            (input port)
  Destination:            plaintext_reg_reg[71]/CLR
                            (recovery check against rising-edge clock sys_clk_pin  {rise@0.000ns fall@5.000ns period=10.000ns})
  Path Group:             (none)
  Path Type:              Recovery (Max at Slow Process Corner)
  Data Path Delay:        6.581ns  (logic 1.427ns (21.680%)  route 5.154ns (78.320%))
  Logic Levels:           1  (IBUF=1)
  Clock Path Skew:        4.576ns (DCD - SCD + CPR)
    Destination Clock Delay (DCD):    4.576ns
    Source Clock Delay      (SCD):    0.000ns
    Clock Pessimism Removal (CPR):    0.000ns
  Clock Uncertainty:      0.025ns  ((TSJ^2 + TIJ^2)^1/2 + DJ) / 2 + PE
    Total System Jitter     (TSJ):    0.050ns
    Total Input Jitter      (TIJ):    0.000ns
    Discrete Jitter          (DJ):    0.000ns
    Phase Error              (PE):    0.000ns

    Location             Delay type                Incr(ns)  Path(ns)    Netlist Resource(s)
  -------------------------------------------------------------------    -------------------
    C4                                                0.000     0.000 f  rst (IN)
                         net (fo=0)                   0.000     0.000    rst
    C4                   IBUF (Prop_ibuf_I_O)         1.427     1.427 f  rst_IBUF_inst/O
                         net (fo=22, routed)          5.154     6.581    rst_IBUF
    SLICE_X5Y40          FDCE                                         f  plaintext_reg_reg[71]/CLR
  -------------------------------------------------------------------    -------------------

                         (clock sys_clk_pin rise edge)
                                                      0.000     0.000 r  
    N11                                               0.000     0.000 r  sysclk (IN)
                         net (fo=0)                   0.000     0.000    sysclk
    N11                  IBUF (Prop_ibuf_I_O)         1.397     1.397 r  sysclk_IBUF_inst/O
                         net (fo=1, routed)           1.620     3.017    sysclk_IBUF
    BUFGCTRL_X0Y0        BUFG (Prop_bufg_I_O)         0.077     3.094 r  sysclk_IBUF_BUFG_inst/O
                         net (fo=1943, routed)        1.482     4.576    sysclk_IBUF_BUFG
    SLICE_X5Y40          FDCE                                         r  plaintext_reg_reg[71]/C

Slack:                    inf
  Source:                 rst
                            (input port)
  Destination:            plaintext_reg_reg[64]/CLR
                            (recovery check against rising-edge clock sys_clk_pin  {rise@0.000ns fall@5.000ns period=10.000ns})
  Path Group:             (none)
  Path Type:              Recovery (Max at Slow Process Corner)
  Data Path Delay:        6.575ns  (logic 1.427ns (21.701%)  route 5.148ns (78.299%))
  Logic Levels:           1  (IBUF=1)
  Clock Path Skew:        4.576ns (DCD - SCD + CPR)
    Destination Clock Delay (DCD):    4.576ns
    Source Clock Delay      (SCD):    0.000ns
    Clock Pessimism Removal (CPR):    0.000ns
  Clock Uncertainty:      0.025ns  ((TSJ^2 + TIJ^2)^1/2 + DJ) / 2 + PE
    Total System Jitter     (TSJ):    0.050ns
    Total Input Jitter      (TIJ):    0.000ns
    Discrete Jitter          (DJ):    0.000ns
    Phase Error              (PE):    0.000ns

    Location             Delay type                Incr(ns)  Path(ns)    Netlist Resource(s)
  -------------------------------------------------------------------    -------------------
    C4                                                0.000     0.000 f  rst (IN)
                         net (fo=0)                   0.000     0.000    rst
    C4                   IBUF (Prop_ibuf_I_O)         1.427     1.427 f  rst_IBUF_inst/O
                         net (fo=22, routed)          5.148     6.575    rst_IBUF
    SLICE_X6Y40          FDCE                                         f  plaintext_reg_reg[64]/CLR
  -------------------------------------------------------------------    -------------------

                         (clock sys_clk_pin rise edge)
                                                      0.000     0.000 r  
    N11                                               0.000     0.000 r  sysclk (IN)
                         net (fo=0)                   0.000     0.000    sysclk
    N11                  IBUF (Prop_ibuf_I_O)         1.397     1.397 r  sysclk_IBUF_inst/O
                         net (fo=1, routed)           1.620     3.017    sysclk_IBUF
    BUFGCTRL_X0Y0        BUFG (Prop_bufg_I_O)         0.077     3.094 r  sysclk_IBUF_BUFG_inst/O
                         net (fo=1943, routed)        1.482     4.576    sysclk_IBUF_BUFG
    SLICE_X6Y40          FDCE                                         r  plaintext_reg_reg[64]/C





Min Delay Paths
--------------------------------------------------------------------------------------
Slack:                    inf
  Source:                 btn[0]
                            (input port)
  Destination:            btn_sync_0_reg[0]/D
                            (rising edge-triggered cell FDRE clocked by sys_clk_pin  {rise@0.000ns fall@5.000ns period=10.000ns})
  Path Group:             (none)
  Path Type:              Hold (Min at Fast Process Corner)
  Data Path Delay:        1.311ns  (logic 0.240ns (18.304%)  route 1.071ns (81.696%))
  Logic Levels:           1  (IBUF=1)
  Clock Path Skew:        2.157ns (DCD - SCD - CPR)
    Destination Clock Delay (DCD):    2.157ns
    Source Clock Delay      (SCD):    0.000ns
    Clock Pessimism Removal (CPR):    -0.000ns

    Location             Delay type                Incr(ns)  Path(ns)    Netlist Resource(s)
  -------------------------------------------------------------------    -------------------
    K15                                               0.000     0.000 r  btn[0] (IN)
                         net (fo=0)                   0.000     0.000    btn[0]
    K15                  IBUF (Prop_ibuf_I_O)         0.240     0.240 r  btn_IBUF[0]_inst/O
                         net (fo=1, routed)           1.071     1.311    btn_IBUF[0]
    SLICE_X3Y45          FDRE                                         r  btn_sync_0_reg[0]/D
  -------------------------------------------------------------------    -------------------

                         (clock sys_clk_pin rise edge)
                                                      0.000     0.000 r  
    N11                                               0.000     0.000 r  sysclk (IN)
                         net (fo=0)                   0.000     0.000    sysclk
    N11                  IBUF (Prop_ibuf_I_O)         0.488     0.488 r  sysclk_IBUF_inst/O
                         net (fo=1, routed)           0.695     1.183    sysclk_IBUF
    BUFGCTRL_X0Y0        BUFG (Prop_bufg_I_O)         0.029     1.212 r  sysclk_IBUF_BUFG_inst/O
                         net (fo=1943, routed)        0.945     2.157    sysclk_IBUF_BUFG
    SLICE_X3Y45          FDRE                                         r  btn_sync_0_reg[0]/C

Slack:                    inf
  Source:                 btn[2]
                            (input port)
  Destination:            btn_sync_0_reg[2]/D
                            (rising edge-triggered cell FDRE clocked by sys_clk_pin  {rise@0.000ns fall@5.000ns period=10.000ns})
  Path Group:             (none)
  Path Type:              Hold (Min at Fast Process Corner)
  Data Path Delay:        1.351ns  (logic 0.235ns (17.398%)  route 1.116ns (82.602%))
  Logic Levels:           1  (IBUF=1)
  Clock Path Skew:        2.156ns (DCD - SCD - CPR)
    Destination Clock Delay (DCD):    2.156ns
    Source Clock Delay      (SCD):    0.000ns
    Clock Pessimism Removal (CPR):    -0.000ns

    Location             Delay type                Incr(ns)  Path(ns)    Netlist Resource(s)
  -------------------------------------------------------------------    -------------------
    K16                                               0.000     0.000 r  btn[2] (IN)
                         net (fo=0)                   0.000     0.000    btn[2]
    K16                  IBUF (Prop_ibuf_I_O)         0.235     0.235 r  btn_IBUF[2]_inst/O
                         net (fo=1, routed)           1.116     1.351    btn_IBUF[2]
    SLICE_X3Y42          FDRE                                         r  btn_sync_0_reg[2]/D
  -------------------------------------------------------------------    -------------------

                         (clock sys_clk_pin rise edge)
                                                      0.000     0.000 r  
    N11                                               0.000     0.000 r  sysclk (IN)
                         net (fo=0)                   0.000     0.000    sysclk
    N11                  IBUF (Prop_ibuf_I_O)         0.488     0.488 r  sysclk_IBUF_inst/O
                         net (fo=1, routed)           0.695     1.183    sysclk_IBUF
    BUFGCTRL_X0Y0        BUFG (Prop_bufg_I_O)         0.029     1.212 r  sysclk_IBUF_BUFG_inst/O
                         net (fo=1943, routed)        0.944     2.156    sysclk_IBUF_BUFG
    SLICE_X3Y42          FDRE                                         r  btn_sync_0_reg[2]/C

Slack:                    inf
  Source:                 btn[1]
                            (input port)
  Destination:            btn_sync_0_reg[1]/D
                            (rising edge-triggered cell FDRE clocked by sys_clk_pin  {rise@0.000ns fall@5.000ns period=10.000ns})
  Path Group:             (none)
  Path Type:              Hold (Min at Fast Process Corner)
  Data Path Delay:        1.377ns  (logic 0.253ns (18.355%)  route 1.124ns (81.645%))
  Logic Levels:           1  (IBUF=1)
  Clock Path Skew:        2.156ns (DCD - SCD - CPR)
    Destination Clock Delay (DCD):    2.156ns
    Source Clock Delay      (SCD):    0.000ns
    Clock Pessimism Removal (CPR):    -0.000ns

    Location             Delay type                Incr(ns)  Path(ns)    Netlist Resource(s)
  -------------------------------------------------------------------    -------------------
    L14                                               0.000     0.000 r  btn[1] (IN)
                         net (fo=0)                   0.000     0.000    btn[1]
    L14                  IBUF (Prop_ibuf_I_O)         0.253     0.253 r  btn_IBUF[1]_inst/O
                         net (fo=1, routed)           1.124     1.377    btn_IBUF[1]
    SLICE_X3Y42          FDRE                                         r  btn_sync_0_reg[1]/D
  -------------------------------------------------------------------    -------------------

                         (clock sys_clk_pin rise edge)
                                                      0.000     0.000 r  
    N11                                               0.000     0.000 r  sysclk (IN)
                         net (fo=0)                   0.000     0.000    sysclk
    N11                  IBUF (Prop_ibuf_I_O)         0.488     0.488 r  sysclk_IBUF_inst/O
                         net (fo=1, routed)           0.695     1.183    sysclk_IBUF
    BUFGCTRL_X0Y0        BUFG (Prop_bufg_I_O)         0.029     1.212 r  sysclk_IBUF_BUFG_inst/O
                         net (fo=1943, routed)        0.944     2.156    sysclk_IBUF_BUFG
    SLICE_X3Y42          FDRE                                         r  btn_sync_0_reg[1]/C

Slack:                    inf
  Source:                 btn[3]
                            (input port)
  Destination:            btn_sync_0_reg[3]/D
                            (rising edge-triggered cell FDRE clocked by sys_clk_pin  {rise@0.000ns fall@5.000ns period=10.000ns})
  Path Group:             (none)
  Path Type:              Hold (Min at Fast Process Corner)
  Data Path Delay:        1.398ns  (logic 0.259ns (18.557%)  route 1.138ns (81.443%))
  Logic Levels:           1  (IBUF=1)
  Clock Path Skew:        2.156ns (DCD - SCD - CPR)
    Destination Clock Delay (DCD):    2.156ns
    Source Clock Delay      (SCD):    0.000ns
    Clock Pessimism Removal (CPR):    -0.000ns

    Location             Delay type                Incr(ns)  Path(ns)    Netlist Resource(s)
  -------------------------------------------------------------------    -------------------
    L15                                               0.000     0.000 r  btn[3] (IN)
                         net (fo=0)                   0.000     0.000    btn[3]
    L15                  IBUF (Prop_ibuf_I_O)         0.259     0.259 r  btn_IBUF[3]_inst/O
                         net (fo=1, routed)           1.138     1.398    btn_IBUF[3]
    SLICE_X2Y42          FDRE                                         r  btn_sync_0_reg[3]/D
  -------------------------------------------------------------------    -------------------

                         (clock sys_clk_pin rise edge)
                                                      0.000     0.000 r  
    N11                                               0.000     0.000 r  sysclk (IN)
                         net (fo=0)                   0.000     0.000    sysclk
    N11                  IBUF (Prop_ibuf_I_O)         0.488     0.488 r  sysclk_IBUF_inst/O
                         net (fo=1, routed)           0.695     1.183    sysclk_IBUF
    BUFGCTRL_X0Y0        BUFG (Prop_bufg_I_O)         0.029     1.212 r  sysclk_IBUF_BUFG_inst/O
                         net (fo=1943, routed)        0.944     2.156    sysclk_IBUF_BUFG
    SLICE_X2Y42          FDRE                                         r  btn_sync_0_reg[3]/C

Slack:                    inf
  Source:                 rst
                            (input port)
  Destination:            led_reg[0]/CLR
                            (removal check against rising-edge clock sys_clk_pin  {rise@0.000ns fall@5.000ns period=10.000ns})
  Path Group:             (none)
  Path Type:              Removal (Min at Fast Process Corner)
  Data Path Delay:        2.372ns  (logic 0.263ns (11.106%)  route 2.109ns (88.894%))
  Logic Levels:           1  (IBUF=1)
  Clock Path Skew:        2.043ns (DCD - SCD - CPR)
    Destination Clock Delay (DCD):    2.043ns
    Source Clock Delay      (SCD):    0.000ns
    Clock Pessimism Removal (CPR):    -0.000ns

    Location             Delay type                Incr(ns)  Path(ns)    Netlist Resource(s)
  -------------------------------------------------------------------    -------------------
    C4                                                0.000     0.000 f  rst (IN)
                         net (fo=0)                   0.000     0.000    rst
    C4                   IBUF (Prop_ibuf_I_O)         0.263     0.263 f  rst_IBUF_inst/O
                         net (fo=22, routed)          2.109     2.372    rst_IBUF
    SLICE_X9Y77          FDCE                                         f  led_reg[0]/CLR
  -------------------------------------------------------------------    -------------------

                         (clock sys_clk_pin rise edge)
                                                      0.000     0.000 r  
    N11                                               0.000     0.000 r  sysclk (IN)
                         net (fo=0)                   0.000     0.000    sysclk
    N11                  IBUF (Prop_ibuf_I_O)         0.488     0.488 r  sysclk_IBUF_inst/O
                         net (fo=1, routed)           0.695     1.183    sysclk_IBUF
    BUFGCTRL_X0Y0        BUFG (Prop_bufg_I_O)         0.029     1.212 r  sysclk_IBUF_BUFG_inst/O
                         net (fo=1943, routed)        0.831     2.043    sysclk_IBUF_BUFG
    SLICE_X9Y77          FDCE                                         r  led_reg[0]/C

Slack:                    inf
  Source:                 rst
                            (input port)
  Destination:            led_reg[1]/CLR
                            (removal check against rising-edge clock sys_clk_pin  {rise@0.000ns fall@5.000ns period=10.000ns})
  Path Group:             (none)
  Path Type:              Removal (Min at Fast Process Corner)
  Data Path Delay:        2.372ns  (logic 0.263ns (11.106%)  route 2.109ns (88.894%))
  Logic Levels:           1  (IBUF=1)
  Clock Path Skew:        2.043ns (DCD - SCD - CPR)
    Destination Clock Delay (DCD):    2.043ns
    Source Clock Delay      (SCD):    0.000ns
    Clock Pessimism Removal (CPR):    -0.000ns

    Location             Delay type                Incr(ns)  Path(ns)    Netlist Resource(s)
  -------------------------------------------------------------------    -------------------
    C4                                                0.000     0.000 f  rst (IN)
                         net (fo=0)                   0.000     0.000    rst
    C4                   IBUF (Prop_ibuf_I_O)         0.263     0.263 f  rst_IBUF_inst/O
                         net (fo=22, routed)          2.109     2.372    rst_IBUF
    SLICE_X9Y77          FDCE                                         f  led_reg[1]/CLR
  -------------------------------------------------------------------    -------------------

                         (clock sys_clk_pin rise edge)
                                                      0.000     0.000 r  
    N11                                               0.000     0.000 r  sysclk (IN)
                         net (fo=0)                   0.000     0.000    sysclk
    N11                  IBUF (Prop_ibuf_I_O)         0.488     0.488 r  sysclk_IBUF_inst/O
                         net (fo=1, routed)           0.695     1.183    sysclk_IBUF
    BUFGCTRL_X0Y0        BUFG (Prop_bufg_I_O)         0.029     1.212 r  sysclk_IBUF_BUFG_inst/O
                         net (fo=1943, routed)        0.831     2.043    sysclk_IBUF_BUFG
    SLICE_X9Y77          FDCE                                         r  led_reg[1]/C

Slack:                    inf
  Source:                 rst
                            (input port)
  Destination:            led_reg[3]/CLR
                            (removal check against rising-edge clock sys_clk_pin  {rise@0.000ns fall@5.000ns period=10.000ns})
  Path Group:             (none)
  Path Type:              Removal (Min at Fast Process Corner)
  Data Path Delay:        2.372ns  (logic 0.263ns (11.106%)  route 2.109ns (88.894%))
  Logic Levels:           1  (IBUF=1)
  Clock Path Skew:        2.043ns (DCD - SCD - CPR)
    Destination Clock Delay (DCD):    2.043ns
    Source Clock Delay      (SCD):    0.000ns
    Clock Pessimism Removal (CPR):    -0.000ns

    Location             Delay type                Incr(ns)  Path(ns)    Netlist Resource(s)
  -------------------------------------------------------------------    -------------------
    C4                                                0.000     0.000 f  rst (IN)
                         net (fo=0)                   0.000     0.000    rst
    C4                   IBUF (Prop_ibuf_I_O)         0.263     0.263 f  rst_IBUF_inst/O
                         net (fo=22, routed)          2.109     2.372    rst_IBUF
    SLICE_X9Y77          FDCE                                         f  led_reg[3]/CLR
  -------------------------------------------------------------------    -------------------

                         (clock sys_clk_pin rise edge)
                                                      0.000     0.000 r  
    N11                                               0.000     0.000 r  sysclk (IN)
                         net (fo=0)                   0.000     0.000    sysclk
    N11                  IBUF (Prop_ibuf_I_O)         0.488     0.488 r  sysclk_IBUF_inst/O
                         net (fo=1, routed)           0.695     1.183    sysclk_IBUF
    BUFGCTRL_X0Y0        BUFG (Prop_bufg_I_O)         0.029     1.212 r  sysclk_IBUF_BUFG_inst/O
                         net (fo=1943, routed)        0.831     2.043    sysclk_IBUF_BUFG
    SLICE_X9Y77          FDCE                                         r  led_reg[3]/C

Slack:                    inf
  Source:                 rst
                            (input port)
  Destination:            led_reg[2]/CLR
                            (removal check against rising-edge clock sys_clk_pin  {rise@0.000ns fall@5.000ns period=10.000ns})
  Path Group:             (none)
  Path Type:              Removal (Min at Fast Process Corner)
  Data Path Delay:        2.421ns  (logic 0.263ns (10.881%)  route 2.158ns (89.119%))
  Logic Levels:           1  (IBUF=1)
  Clock Path Skew:        2.040ns (DCD - SCD - CPR)
    Destination Clock Delay (DCD):    2.040ns
    Source Clock Delay      (SCD):    0.000ns
    Clock Pessimism Removal (CPR):    -0.000ns

    Location             Delay type                Incr(ns)  Path(ns)    Netlist Resource(s)
  -------------------------------------------------------------------    -------------------
    C4                                                0.000     0.000 f  rst (IN)
                         net (fo=0)                   0.000     0.000    rst
    C4                   IBUF (Prop_ibuf_I_O)         0.263     0.263 f  rst_IBUF_inst/O
                         net (fo=22, routed)          2.158     2.421    rst_IBUF
    SLICE_X9Y75          FDCE                                         f  led_reg[2]/CLR
  -------------------------------------------------------------------    -------------------

                         (clock sys_clk_pin rise edge)
                                                      0.000     0.000 r  
    N11                                               0.000     0.000 r  sysclk (IN)
                         net (fo=0)                   0.000     0.000    sysclk
    N11                  IBUF (Prop_ibuf_I_O)         0.488     0.488 r  sysclk_IBUF_inst/O
                         net (fo=1, routed)           0.695     1.183    sysclk_IBUF
    BUFGCTRL_X0Y0        BUFG (Prop_bufg_I_O)         0.029     1.212 r  sysclk_IBUF_BUFG_inst/O
                         net (fo=1943, routed)        0.828     2.040    sysclk_IBUF_BUFG
    SLICE_X9Y75          FDCE                                         r  led_reg[2]/C

Slack:                    inf
  Source:                 rst
                            (input port)
  Destination:            state_reg/CLR
                            (removal check against rising-edge clock sys_clk_pin  {rise@0.000ns fall@5.000ns period=10.000ns})
  Path Group:             (none)
  Path Type:              Removal (Min at Fast Process Corner)
  Data Path Delay:        2.497ns  (logic 0.263ns (10.550%)  route 2.234ns (89.450%))
  Logic Levels:           1  (IBUF=1)
  Clock Path Skew:        2.071ns (DCD - SCD - CPR)
    Destination Clock Delay (DCD):    2.071ns
    Source Clock Delay      (SCD):    0.000ns
    Clock Pessimism Removal (CPR):    -0.000ns

    Location             Delay type                Incr(ns)  Path(ns)    Netlist Resource(s)
  -------------------------------------------------------------------    -------------------
    C4                                                0.000     0.000 f  rst (IN)
                         net (fo=0)                   0.000     0.000    rst
    C4                   IBUF (Prop_ibuf_I_O)         0.263     0.263 f  rst_IBUF_inst/O
                         net (fo=22, routed)          2.234     2.497    rst_IBUF
    SLICE_X6Y77          FDCE                                         f  state_reg/CLR
  -------------------------------------------------------------------    -------------------

                         (clock sys_clk_pin rise edge)
                                                      0.000     0.000 r  
    N11                                               0.000     0.000 r  sysclk (IN)
                         net (fo=0)                   0.000     0.000    sysclk
    N11                  IBUF (Prop_ibuf_I_O)         0.488     0.488 r  sysclk_IBUF_inst/O
                         net (fo=1, routed)           0.695     1.183    sysclk_IBUF
    BUFGCTRL_X0Y0        BUFG (Prop_bufg_I_O)         0.029     1.212 r  sysclk_IBUF_BUFG_inst/O
                         net (fo=1943, routed)        0.859     2.071    sysclk_IBUF_BUFG
    SLICE_X6Y77          FDCE                                         r  state_reg/C

Slack:                    inf
  Source:                 rst
                            (input port)
  Destination:            counter_reg[0]/CLR
                            (removal check against rising-edge clock sys_clk_pin  {rise@0.000ns fall@5.000ns period=10.000ns})
  Path Group:             (none)
  Path Type:              Removal (Min at Fast Process Corner)
  Data Path Delay:        2.549ns  (logic 0.263ns (10.334%)  route 2.286ns (89.666%))
  Logic Levels:           1  (IBUF=1)
  Clock Path Skew:        2.069ns (DCD - SCD - CPR)
    Destination Clock Delay (DCD):    2.069ns
    Source Clock Delay      (SCD):    0.000ns
    Clock Pessimism Removal (CPR):    -0.000ns

    Location             Delay type                Incr(ns)  Path(ns)    Netlist Resource(s)
  -------------------------------------------------------------------    -------------------
    C4                                                0.000     0.000 f  rst (IN)
                         net (fo=0)                   0.000     0.000    rst
    C4                   IBUF (Prop_ibuf_I_O)         0.263     0.263 f  rst_IBUF_inst/O
                         net (fo=22, routed)          2.286     2.549    rst_IBUF
    SLICE_X6Y76          FDCE                                         f  counter_reg[0]/CLR
  -------------------------------------------------------------------    -------------------

                         (clock sys_clk_pin rise edge)
                                                      0.000     0.000 r  
    N11                                               0.000     0.000 r  sysclk (IN)
                         net (fo=0)                   0.000     0.000    sysclk
    N11                  IBUF (Prop_ibuf_I_O)         0.488     0.488 r  sysclk_IBUF_inst/O
                         net (fo=1, routed)           0.695     1.183    sysclk_IBUF
    BUFGCTRL_X0Y0        BUFG (Prop_bufg_I_O)         0.029     1.212 r  sysclk_IBUF_BUFG_inst/O
                         net (fo=1943, routed)        0.857     2.069    sysclk_IBUF_BUFG
    SLICE_X6Y76          FDCE                                         r  counter_reg[0]/C





